,Collage,Private,Room.Board,Grad.Rate,Outstate_Tier,Apps_transformed_scaled,Top10perc_transformed_scaled,P.Undergrad_transformed_scaled,Outstate_transformed_scaled,Books_transformed_scaled,Personal_transformed_scaled,Terminal_transformed_scaled,S.F.Ratio_transformed_scaled,perc.alumni_transformed_scaled,Expend_transformed_scaled,Accept_Rate_scaled,Private_Encoded_scaled
0,Abilene Christian University,Yes,3300,60,Low,0.027794170542253215,-0.053119072030679226,0.3001555111149254,-0.6934490715406575,-0.6142542984789046,1.2713984993834933,-0.2823735232374524,1.0179463816947254,-0.7227012651918747,-0.491182698433797,-0.032372339112454566,0.6125530498969481
1,Adelphi University,Yes,6450,56,Medium,0.2829202044206756,-0.5849046607537622,0.8682389489526624,0.5562683365380876,1.3023649764046783,0.4565508868862356,-2.2481293668347866,-0.43508339754859443,-0.28448920152158647,0.5523622369818617,0.9061926295687938,0.6125530498969481
2,Adrian College,Yes,3750,54,Medium,-0.11391602631457196,-0.12094221917214981,-0.7272538841097251,0.32201070401890075,-1.0385747644227592,-0.0686551429767743,-1.0407110988557453,-0.2502164792374268,0.696881263144984,0.09639280596054699,0.14474993126166572,0.6125530498969481
3,Agnes Scott College,Yes,5450,59,Medium,-1.332769450981788,1.6144757210802636,-0.9740319705249554,0.7039260224445796,-0.6142542984789046,-0.6517337337581381,1.3645882269351624,-1.7418718980861339,1.0294623131395182,1.7269972924922468,0.6122251618760879,0.6125530498969481
4,Alaska Pacific University,Yes,4120,15,Low,-2.153049587664579,-0.5849046607537622,0.6254175275588532,-0.6567761844143085,1.5536080298286021,0.4565508868862356,-0.6870519494859656,-0.51557069273364,-3.1179783991407715,0.637043604506619,0.06495494735718245,0.6125530498969481
5,Albertson College,Yes,3335,55,High,-0.9831669114228397,0.7690207208177241,-1.1985700260580423,0.8175967857331767,-0.22919460395165178,-1.169758864803037,-0.6232192944825511,-1.2201811492616093,-0.8534518760234878,0.36485142107688673,0.4699427534045053,0.6125530498969481
6,Albertus Magnus College,Yes,5720,63,High,-1.506300016027912,-0.4994689411839058,-0.23649921549287461,0.7737527961030576,-0.22919460395165178,0.4565508868862356,0.9692990979140862,-0.624126161709994,0.47121122188858366,0.1330459306372646,1.4709627437747088,0.6125530498969481
7,Albion College,Yes,4826,73,High,0.1531056181776361,0.7226458157909561,-1.3238470126728867,0.8933599080241158,-0.6142542984789046,-0.7100928488101279,1.6789026453905742,-0.043655143285562414,1.0294623131395182,0.7502823344554891,1.0802869864699451,0.6125530498969481
8,Albright College,Yes,4400,80,High,-0.4193589015912818,0.36877700770497224,-0.06079782059426999,1.2322935057020181,-2.048308048513365,-1.7565250579131289,0.17590711389826055,-0.678954128340758,0.2788113855351543,0.7802351502104947,0.4173714627910875,0.6125530498969481
9,Alderson-Broaddus College,Yes,3380,52,Medium,-0.9918073458047845,-0.19109950858549554,-0.8587961830100912,0.13456411411234878,0.8108421980583806,0.8415717373961827,-2.0259049331637793,-0.624126161709994,-0.3835201634208818,0.17002953770068835,0.7396977547397244,0.6125530498969481
10,Alfred University,Yes,5406,73,High,0.06748238366850262,0.7226458157909561,-0.6681269626758215,1.4088462913452762,-0.22919460395165178,-1.401605755600841,0.5124477851823425,-0.678954128340758,0.7487430981377603,0.6391260070099793,0.5157537502634537,0.6125530498969481
11,Allegheny College,Yes,4440,76,High,0.4590003826812997,1.0296888476949617,-1.1623087972167594,1.5045123674303467,-1.0385747644227592,-1.401605755600841,0.7816568116943878,-1.073921779837255,1.1929497028195202,0.7928286551963443,-0.20738347780626848,0.6125530498969481
12,Allentown Coll. of St. Francis de Sales,Yes,4785,74,Low,-0.29654226039655834,0.7690207208177241,0.41483806671218076,-0.06128994440166302,0.4496014388117548,-0.3812772017711419,0.17590711389826055,-0.14633148248231934,0.13667737956055104,-0.1552298965787334,-0.5805764736347528,0.6125530498969481
13,Alma College,Yes,4552,68,Medium,-0.22763264605805114,1.0296888476949617,-1.3900837948934834,0.6203160478629939,-1.0385747644227592,-2.184436020520695,0.42593464953116233,0.35589122750062596,0.7990089285165864,0.2560513072365303,0.7175029449852314,0.6125530498969481
14,Alverno College,Yes,3640,55,Low,-1.158434976205304,-0.053119072030679226,0.8728931154724833,-0.423838629267007,0.7526774067369609,1.5036970035839832,-0.8700943318940553,-0.7341609556836688,0.47121122188858366,-0.09264109665670539,-0.7708663600093951,0.6125530498969481
15,American International College,Yes,4780,69,Low,-0.11923450915941754,-1.3330274833513371,-0.10067963175366555,-0.3260722857638831,-0.6142542984789046,0.312205196159577,0.17590711389826055,0.20805976907672355,-0.019012808716357025,-0.3666623052432525,0.15502838090331927,0.6125530498969481
16,Amherst College,Yes,5300,100,High,0.889099596512538,2.2780860366648286,-2.170690908036451,1.9588219700106189,0.8108421980583806,0.589610906138957,1.467641878959388,-1.522121468807633,1.8810063596964015,1.9215286604499788,-3.512278049067009,0.6125530498969481
17,Anderson University,Yes,3520,59,Medium,-0.26691812656526465,-0.33923404372499044,-0.11376894624033435,0.04316040253595514,0.12366360001576766,-0.1865912067306211,-1.2983753500580535,-0.46182603876526157,-0.488944521318963,-0.1369244031402514,-0.0014773287692968597,0.6125530498969481
18,Andrews University,Yes,3090,46,Low,-0.3373470674162871,-0.7684736752694479,-0.021159140006868575,0.01693332675919217,2.0175449906937217,0.18968183158858262,-1.0407110988557453,-0.624126161709994,-0.10280094841912382,0.6341232956602996,-0.8429325116318768,0.6125530498969481
19,Angelo State University,No,3592,34,Low,0.7175926868986046,0.012544204192919675,1.0193220410253425,-1.4912463226655417,-0.22919460395165178,1.0664517666812061,-1.2494530951634284,2.108250754738143,-1.9857151375821298,-2.392452687321875,-1.2357963684675608,-1.6325116659989423
20,Antioch University,Yes,3336,48,High,-0.7881977335472867,0.0762022459001068,-1.4860814376784814,1.2097543255002767,-1.0385747644227592,-0.1865912067306211,0.017034841871698108,-0.678954128340758,0.9411429344911897,2.83599568591311,1.2253721686672496,0.6125530498969481
21,Appalachian State University,No,2540,70,Low,1.3437272780440974,-0.26378841421379556,0.7474276315958317,-0.8939510962294314,-5.699556150931114,1.0664517666812061,1.2632379969775114,1.0636508731902286,-0.488944521318963,-1.0519687050520774,-0.7425339967163727,-1.6325116659989423
22,Aquinas College,Yes,4124,65,Medium,-0.9296724983030666,-0.26378841421379556,0.5395560299649557,0.31216472861049177,-1.5119094043589478,0.6119203357285091,-1.094880026424442,-0.3026284436876267,0.4095619963667674,-0.6885530095696798,0.5895880059066398,0.6125530498969481
23,Arizona State University Main campus,No,4850,48,Low,1.8053048750382348,0.012544204192919675,2.2971153370827175,-0.695292884195417,1.0360807080301793,1.17118506706147,0.9692990979140862,1.199612364107489,-1.9857151375821298,-1.87245884240635,0.39330153654403927,-1.6325116659989423
24,Arkansas College (Lyon College),Yes,3922,54,Low,-0.7952056021137309,1.1106782881401172,-0.3768961089318736,-0.34162914293415503,-0.22919460395165178,-0.8317407990918481,0.5124477851823425,-0.32895477682173185,0.34549454598816776,1.2454681517793147,-1.871830079986632,0.6125530498969481
25,Arkansas Tech University,No,2650,48,Low,0.06855942366930161,-0.9727316677869279,0.6792289379186933,-2.2324617327877827,-0.6142542984789046,-0.3812772017711419,-1.3460179845367914,1.3561294433902293,-1.9857151375821298,-1.7666101753092334,1.7018576991796808,-1.6325116659989423
26,Assumption College,Yes,5920,88,Medium,0.26123962574723786,-0.053119072030679226,0.4666461901064974,0.49390607097334976,-0.22919460395165178,-1.7565250579131289,0.9692990979140862,-0.01816912301826551,0.696881263144984,-0.467138848614386,0.3355246525831801,0.6125530498969481
27,Auburn University-Main Campus,No,3933,69,Low,1.3702785934047201,0.0762022459001068,1.1124020592964765,-1.062970989725606,0.4496014388117548,0.9657230697457883,0.7816568116943878,0.6923240937679698,-0.10280094841912382,-0.6623477640253806,1.0392600991794334,-1.6325116659989423
28,Augsburg College,Yes,4372,58,Medium,-0.8622838786335913,-0.9727316677869279,0.5021112662631992,0.47185358758299023,0.05539420530459683,-0.48548409267976533,-1.094880026424442,-0.27638263533977814,0.7487430981377603,-0.1910317287679385,0.19044222201896147,0.6125530498969481
29,Augustana College IL,Yes,4173,71,High,0.14328635277136367,0.6753287453312369,-1.237306247971012,0.7869534898148399,0.05539420530459683,-0.7798144878972981,0.09569733284866458,-0.3026284436876267,1.1535860970634626,0.23321172569715234,0.9214152171455692,0.6125530498969481
30,Augustana College,Yes,3244,69,Medium,-0.723488641636537,-0.19109950858549554,-0.07314506384833169,0.260666106604684,0.4496014388117548,-0.3389427463734454,-0.8104772611976783,-0.9305096236198228,0.696881263144984,-0.562234398024972,1.3996816360153455,0.6125530498969481
31,Austin College,Yes,4342,71,Medium,-0.5075090324304675,0.9459121453121654,-1.6883580068917183,0.3290287683226806,-1.0385747644227592,-0.09532026038541022,1.1635803366973685,-0.22412911897517035,0.8477740600370556,0.7257832507644782,0.6451598036797981,0.6125530498969481
32,Averett College,Yes,4135,48,Low,-0.9167620943759419,-0.5849046607537622,0.30138314592390336,-0.0010748264645523452,1.3023649764046783,0.23641393781517522,-0.9851988400469104,1.9615837552373685,-0.8534518760234878,-0.7165006291979548,0.9511964327113076,0.6125530498969481
33,Baker University,Yes,4100,65,Low,-0.9577117377063582,-0.19109950858549554,0.20724118805424385,-0.34831663767906657,-1.0385747644227592,1.319933419812853,-0.9283307329438812,-0.7619093999483368,0.13667737956055104,-0.9036897818932643,0.3768326308712091,0.6125530498969481
34,Baldwin-Wallace College,Yes,4410,85,Medium,0.04455113927364182,0.36877700770497224,0.9937885450977619,0.2618547522692281,2.4385556153715937,-0.3812772017711419,-0.5579571392876599,0.9028169700855423,0.060686441260878146,-0.10617250445475211,0.4173637074421859,0.6125530498969481
35,Barat College,Yes,4300,71,Low,-1.8261859838092958,-0.6744109272506594,-0.14762845649391335,-0.06128994440166302,-0.22919460395165178,-1.7565250579131289,-0.3534735225728778,-1.1320725358242625,0.9411429344911897,0.26456654599759,-0.07683547168872246,0.6125530498969481
36,Bard College,Yes,6206,79,High,0.1584590373676194,1.2651043449994013,-1.6883580068917183,1.8779380838164197,1.3023649764046783,-0.9606431574678058,1.467641878959388,-0.9305096236198228,0.696881263144984,1.150582615517154,-2.09635990984827,0.6125530498969481
37,Barnard College,Yes,8124,91,High,0.40402576072111823,1.3749937779595973,-0.9252445141562528,1.6526907612293122,0.4496014388117548,-0.7100928488101279,0.9692990979140862,-0.9589736432806002,0.8477740600370556,0.9466907792604167,-1.2599820566031195,0.6125530498969481
38,Barry University,Yes,5360,72,Medium,-0.4653031322549052,-0.4176946998854469,1.5741815572673294,0.33136539791935316,0.4496014388117548,0.8415717373961827,-0.2823735232374524,-0.32895477682173185,-0.8534518760234878,0.19598482610707021,0.30604530939689767,0.6125530498969481
39,Baylor University,Yes,3920,72,Low,1.1867954473128413,0.5776799288914051,0.2319451248123564,-1.0119640772693328,0.4496014388117548,0.23023887595729364,-0.42309620655881086,1.1091614423902687,1.0718935453228027,-0.310775805860734,0.9085560258813842,0.6125530498969481
40,Beaver College,Yes,5400,73,Medium,-0.3096630155647845,-0.053119072030679226,0.2776982439626945,0.680391112000398,-1.0385747644227592,-0.8317407990918481,0.6005650532112241,-0.43508339754859443,0.696881263144984,0.15958778625126094,-0.1092398336151793,0.6125530498969481
41,Bellarmine College,Yes,2950,84,Low,-0.6654593239812802,0.814496291254933,0.3792880943109694,-0.28746582809359006,1.3023649764046783,0.14195578669882186,0.017034841871698108,-0.19811971386291968,0.7487430981377603,-0.6507148514205863,0.8785608716883411,0.6125530498969481
42,Belmont Abbey College,Yes,4850,52,Low,-0.908782513978436,-0.4994689411839058,-0.5687111330584816,-0.24383287267735948,-2.048308048513365,1.5310702281670892,0.257675656251106,-0.17218743851993387,-0.9955858819980911,-0.29338243409992,0.23616110930551232,0.6125530498969481
43,Belmont University,Yes,3664,49,Low,-0.26377358194706196,0.25645415555414425,0.39888957075131226,-0.5845619581984871,0.7526774067369609,-0.5948985251698026,-1.2983753500580535,-0.7341609556836688,-0.019012808716357025,-0.269964585817989,0.3498620405629711,0.6125530498969481
44,Beloit College,Yes,3616,69,High,-0.18856465956975246,0.13799295441079087,-0.838179008436299,1.3642928024927292,-1.4620140067894487,-1.055698665537674,1.1635803366973685,-0.7341609556836688,0.47121122188858366,1.0084419148858705,-0.32436931824763443,0.6125530498969481
45,Bemidji State University,No,2700,46,Low,-0.2732406406363946,-0.9727316677869279,0.5887221256003548,-1.7812796411011482,0.8108421980583806,0.8415717373961827,-1.2494530951634284,1.3561294433902293,-0.28448920152158647,-2.657835353557468,-0.14240146751948335,-1.6325116659989423
46,Benedictine College,Yes,3850,58,Low,-0.908782513978436,-0.7684736752694479,0.25452777986226505,-0.0976199887575313,-1.5119094043589478,-3.062920596744526,0.17590711389826055,0.05786129345554121,-0.10280094841912382,-1.015218906953537,1.5923146748623527,0.6125530498969481
47,Bennington College,Yes,4100,55,High,-1.1080463869533932,0.0762022459001068,-2.534804345075497,2.262956624667322,0.4496014388117548,-1.7565250579131289,-1.392393977623881,-1.0162263078285307,0.8477740600370556,1.4633422065398631,-0.794983454211281,0.6125530498969481
48,Bentley College,Yes,5510,82,High,0.6988613218762789,-0.26378841421379556,1.0294098539172043,0.8794605502331129,0.6339700077405098,-0.7100928488101279,0.42593464953116233,0.8796391417393978,0.060686441260878146,0.6409976588717349,-0.5080160334240953,0.6125530498969481
49,Berry College,Yes,3940,63,Low,0.13285471362428022,0.7226458157909561,-1.1065527913653308,-0.5108746975091976,-1.5119094043589478,1.4370347749246764,-0.13569442115241218,0.5973594417391942,-0.1911203270674524,0.5488289868373287,-0.6106383516830006,0.6125530498969481
50,Bethany College,Yes,3363,48,Low,-0.5825186966500836,-0.5849046607537622,-0.9825675695179336,-0.31500047697142175,0.12366360001576766,0.7203062079932,-0.9283307329438812,-0.5968513856813776,0.643318740239679,-0.23255110106699659,1.2411279287757164,0.6125530498969481
51,Bethel College KS,Yes,3580,56,Low,-2.103230593324403,-0.33923404372499044,-0.716077060923525,-0.3706970294107876,-0.22919460395165178,0.312205196159577,-0.13569442115241218,-1.399752250312407,0.7990089285165864,-0.029063686328074535,1.1153271407249636,0.6125530498969481
52,Bethel College,Yes,2900,35,Low,-1.1420185183626759,-1.0845174670653988,-0.887426820060898,-1.0974203986303772,0.4496014388117548,-0.8317407990918481,-1.199238322126377,-0.5696679334896112,-0.601645107695158,-0.26669579069773836,0.12252653810695363,0.6125530498969481
53,Bethune Cookman College,Yes,3396,58,Low,0.019862731360735665,-0.9727316677869279,-0.8314593967701942,-1.4685821193413773,0.7526774067369609,1.5485627320659798,-1.8227310098814986,-0.01816912301826551,-1.1512760702749985,-0.5853739127888282,-0.3283078312388014,0.6125530498969481
54,Birmingham-Southern College,Yes,4325,72,Medium,-0.6679077542812659,1.8339863950842885,-0.30009653988082147,0.41688160910881844,-1.0385747644227592,-0.5948985251698026,-0.2097844047463471,0.03258838544133442,0.8951255085680089,0.07090393487112522,-0.11218972375194472,0.6125530498969481
55,Blackburn College,Yes,2700,51,Low,-1.1460961832899983,0.0762022459001068,-1.407972650027876,-0.9951351141622935,-0.22919460395165178,-0.3812772017711419,-0.42309620655881086,0.10819887684225507,1.6034744834472257,-0.012353858488995792,-0.5096802992566043,0.6125530498969481
56,Bloomsburg Univ. of Pennsylvania,No,2948,75,Low,1.2790783538152781,-0.6744109272506594,0.6844093815412563,-0.5714816336528201,-0.22919460395165178,0.6952627029457159,-0.9283307329438812,0.9950204859927356,-0.019012808716357025,-0.491182698433797,-2.039725437615475,-1.6325116659989423
57,Bluefield College,Yes,4350,53,Low,-1.4375425749292845,-0.6744109272506594,-0.5775343946618571,-0.7837089911468504,-0.6142542984789046,0.4565508868862356,-0.9851988400469104,0.9490194931800559,-2.6480466865381658,-0.8422634873250932,1.3786509704998542,0.6125530498969481
58,Bluffton College,Yes,3990,58,Low,-0.8179928307605425,-0.26378841421379556,-0.838179008436299,-0.007435867506013141,-1.0385747644227592,-0.5948985251698026,-0.7494672137091747,-0.14633148248231934,-0.019012808716357025,0.1929362555265264,-0.02825088508005347,0.6125530498969481
59,Boston University,Yes,6810,72,High,2.1665139084615834,1.0705183742130722,1.5664000340843391,1.737100482725841,-0.41730816701513435,-0.3309705579009963,-0.06009188335680806,-0.51557069273364,-0.28448920152158647,1.514919944956341,-0.699015309415438,0.6125530498969481
60,Bowdoin College,Yes,5885,96,High,0.6702093992787643,2.092417481864056,-1.970731760017316,1.8393036935744658,4.09895898173997,-0.6517337337581381,1.2632379969775114,-0.7065095991630397,1.5729406861767377,1.846869792444095,-3.0154054508501797,0.6125530498969481
61,Bowling Green State University,No,3352,67,Low,1.5396129266227723,-0.7684736752694479,0.8600279544133584,-0.6897643746874386,0.4496014388117548,0.7203062079932,0.6005650532112241,1.6843804232693964,-0.488944521318963,-0.5423215742329045,0.3111597547912219,-1.6325116659989423
62,Bradford College,Yes,6270,46,High,-1.2702953316648327,-1.9916231295773121,-1.186224667229641,0.9364079032146704,-0.22919460395165178,-0.5948985251698026,-0.13569442115241218,-0.9875453814266569,0.13667737956055104,1.3489179441455508,-0.013650259089188311,0.6125530498969481
63,Bradley University,Yes,4440,85,Medium,0.7725344589798321,0.36877700770497224,0.4200791863579128,0.23203139392723857,5.355379168407231,0.4871077983874899,-0.06009188335680806,0.1332649014169348,0.13667737956055104,-0.24936222050969956,1.0840392376190466,0.6125530498969481
64,Brandeis University,Yes,6750,84,High,0.865199010283177,1.1890885687490678,-0.9825675695179336,1.8969759442579628,-0.9501505503982628,-0.3812772017711419,1.3645882269351624,-1.1029394439418763,0.34549454598816776,1.5480135052741433,-0.6234180362101066,0.6125530498969481
65,Brenau University,Yes,5879,49,Low,-1.465604217527803,-0.9727316677869279,0.22516710137176538,-0.08668444609191188,-0.22919460395165178,-1.0977621252034493,-0.13569442115241218,-0.043655143285562414,-0.7227012651918747,-1.0082672446914005,-0.0022699379670338736,0.6125530498969481
66,Brewton-Parker College,Yes,2370,18,Low,-0.10862941139826705,-1.204141438433242,0.5870496469262881,-1.804713290692213,-0.22919460395165178,1.0664517666812061,-1.2494530951634284,-0.32895477682173185,-0.9955858819980911,-1.6480951708121918,0.7361816506318815,0.6125530498969481
67,Briar Cliff College,Yes,3597,58,Medium,-1.396913337951464,-0.5849046607537622,0.15513897741571583,0.0831655239039672,0.4496014388117548,0.4565508868862356,-1.0407110988557453,-0.19811971386291968,0.47121122188858366,-0.0192701651579478,1.0100077259975677,0.6125530498969481
68,Bridgewater College,Yes,4725,82,Medium,-0.6283199062642012,-0.12094221917214981,-1.0460501389834254,0.08440905856326472,0.19086001172443928,-0.6517337337581381,-0.6232192944825511,-0.17218743851993387,0.34549454598816776,0.07269489588864379,0.3821183120083568,0.6125530498969481
69,Brigham Young University at Provo,Yes,3580,33,Low,1.349680553938893,1.1890885687490678,0.8832664435062875,-2.8758263399497803,1.837638387681267,0.026470901546871917,-0.42309620655881086,1.5542060570289637,1.1535860970634626,-0.16342743253504793,-0.09154933203745326,0.6125530498969481
70,Brown University,Yes,5926,97,High,1.7911253315794544,2.379000709104455,0.02180191230527187,1.921157253479751,1.14452306768254,-0.1865912067306211,1.6789026453905742,-1.7738881670636384,1.113250452842285,1.8463150903123569,-3.330255374698259,0.6125530498969481
71,Bryn Mawr College,Yes,6750,89,High,-0.08972687212285864,1.9518471386888567,-1.6583617630196459,1.693716940289576,-0.22919460395165178,-0.00765221982654528,1.6789026453905742,-0.4084259016153425,1.4777578075468099,1.5786689754045637,-1.3198265587657974,0.6125530498969481
72,Bucknell University,Yes,4750,93,High,1.2504909446247767,1.2273850455284772,-1.339674893387824,1.7590658560554309,1.5536080298286021,-0.00765221982654528,1.3645882269351624,0.08306456383049592,0.9858994490492295,1.1187099133305651,-1.1197426097672865,0.6125530498969481
73,Buena Vista College,Yes,3797,78,High,-0.6028462066853543,0.47565884296982563,0.17292932385184567,0.7771092410121851,-0.6142542984789046,-0.48548409267976533,-0.8700943318940553,-1.399752250312407,-0.9955858819980911,-0.8061972791490072,0.36101334232503157,0.6125530498969481
74,Butler University,Yes,4650,83,High,0.35377640975641417,0.8591123720558881,-0.49825840795371323,0.7400414030092264,-0.22919460395165178,0.5922469197789696,-0.06009188335680806,-0.7897561601567331,0.643318740239679,0.3100924077000789,0.7855087473351297,0.6125530498969481
75,Cabrini College,Yes,6250,71,Medium,-0.9627479374787361,-1.4730544512765091,0.17876278058383469,0.14681933353138005,-2.048308048513365,-2.725770466958715,-0.42309620655881086,0.644953727665646,0.9858994490492295,-0.46026806871076864,0.5290833795668957,0.6125530498969481
76,Caldwell College,Yes,4600,55,Low,-0.4449148326110543,-0.4994689411839058,0.624620873553458,-0.2710431407660908,-0.8209747620312198,-0.3812772017711419,1.2632379969775114,0.0072451478867492135,0.4095619963667674,-0.16137445797315,-1.0169390083481804,0.6125530498969481
77,California Lutheran University,Yes,5300,60,Medium,-1.02538305013687,-0.053119072030679226,0.15813485851786388,0.7017919204959061,0.5242920894959361,-1.4814896984440742,-0.5579571392876599,-0.3818525909118409,-0.1911203270674524,0.16834078692161691,-2.0965117284135446,0.6125530498969481
78,California Polytechnic-San Luis,No,4877,59,Low,1.3989615769398307,1.1501937769220463,0.9653575739583254,-0.711931360965221,0.5242920894959361,1.1619503468587862,-0.06009188335680806,1.400447170935885,-0.601645107695158,0.01132488488397487,-1.7567460650794124,-1.6325116659989423
79,California State University at Fresno,No,4368,61,Low,0.9360433396990524,-1.9916231295773121,0.8838387934629802,-0.6126695683392138,0.4496014388117548,0.9857796287851024,0.6902976719925955,1.7059353653945981,-1.3233835886260938,-0.40033092882006943,-0.14541295664005874,-1.6325116659989423
80,Calvin College,Yes,3710,81,Medium,0.09506067768965615,0.31333619614396924,-0.5471730267600207,0.07569594286834219,-1.0385747644227592,0.009474619732121702,-0.06009188335680806,0.23285911133526935,1.1929497028195202,-0.20850617036810626,0.6843510875872699,0.6125530498969481
81,Campbell University,Yes,2790,63,Low,0.2403207268816396,-0.26378841421379556,0.8547042417087161,-0.6598175891537096,0.4496014388117548,-1.7565250579131289,-0.3534735225728778,1.8344440104278015,0.8951255085680089,-2.6719505748104586,-0.7165326189339857,0.6125530498969481
82,Campbellsville College,Yes,3070,49,Low,-0.616653093491111,0.0762022459001068,-0.37041286417202823,-1.146268337058075,0.4496014388117548,0.15797762173098784,-1.0407110988557453,0.9259436201670278,-0.601645107695158,-1.3209395744715187,-0.37215844829040096,0.6125530498969481
83,Canisius College,Yes,5340,64,Medium,0.5249273189467986,-0.5849046607537622,0.16111826630539083,0.20318825005072985,-1.0385747644227592,-0.13137917435120042,0.8746535950171559,0.18319470580243497,0.47121122188858366,-0.14435910867892604,0.1478604890855732,0.6125530498969481
84,Capital University,Yes,4000,83,High,0.07552786174446517,0.5776799288914051,0.6946674556874312,0.7230844371695306,-0.22919460395165178,-0.8317407990918481,-0.8700943318940553,-0.46182603876526157,0.5306181538634841,0.3219138639314783,0.30027162076363334,0.6125530498969481
85,Capitol College,Yes,2812,52,Low,-2.890451467319522,-1.204141438433242,-0.011592516330413196,-0.4101964618018937,-2.048308048513365,1.2057442275076538,-1.7549633934685398,-0.46182603876526157,0.34549454598816776,-0.1430049917869924,1.0412427498106844,0.6125530498969481
86,Carleton College,Yes,3957,91,High,0.473209461846349,2.0648660712522746,-1.790608974018603,1.8825403099845797,0.12366360001576766,-1.5715860927236942,0.9692990979140862,-0.9305096236198228,1.8025827916211208,1.6292275500284847,-1.0938796962541568,0.6125530498969481
87,Carnegie Mellon University,Yes,5690,74,High,1.4914315389773478,1.6144757210802636,-0.09208974967983095,1.6482060371691567,-0.6142542984789046,0.07669669114387123,0.9692990979140862,-1.2795288599936452,0.7487430981377603,2.1190355408080124,-1.0273467246948385,0.6125530498969481
88,Carroll College,Yes,3880,79,Medium,-0.31214470804948447,-0.33923404372499044,0.5123408454749716,0.5385467061091938,-0.37900648471193393,-0.5285949292479312,-0.06009188335680806,0.9490194931800559,0.4095619963667674,-0.2511599874471064,0.7304482791491357,0.6125530498969481
89,Carson-Newman College,Yes,3150,67,Low,-0.36679229339112107,0.198039873680471,-0.21316481794747635,-0.4818208158084279,-1.0385747644227592,-1.7565250579131289,-1.2494530951634284,-0.06921364143108526,-0.28448920152158647,-0.6294214451008259,0.8215336163709752,0.6125530498969481
90,Carthage College,Yes,3775,62,High,0.002620309848811185,-0.26378841421379556,0.35117327975637436,0.7389835842826057,-0.22919460395165178,0.15797762173098784,0.6005650532112241,0.5014836937996885,0.20928980457225407,-0.36321439786750864,0.9259068230464086,0.6125530498969481
91,Case Western Reserve University,Yes,4730,67,High,0.7978939756724706,1.9518471386888567,0.2700563422632836,1.2520873745932646,-0.04910428901620779,0.3999140298676019,1.1635803366973685,-3.5503244572416155,0.643318740239679,1.7887353624962758,0.45645951144347224,0.6125530498969481
92,Castleton State College,No,4690,79,Low,-0.23520038799810536,-1.3330274833513371,-0.08571688992271739,-0.6277122745785018,-1.0385747644227592,-1.0977621252034493,0.7816568116943878,0.20805976907672355,-1.3233835886260938,-0.813455320438822,0.006016929190115975,-1.6325116659989423
93,Catawba College,Yes,4100,55,Low,-0.37831063162533024,-0.8676768730139962,-0.8449738010651707,-0.17134355406046006,0.4496014388117548,0.9113698004143933,0.017034841871698108,-0.0948453587869114,0.5306181538634841,0.0026394733212206506,0.4464345790914661,0.6125530498969481
94,Catholic University of America,Yes,6408,75,High,0.07925709367934926,0.012544204192919675,-0.28859288192475935,0.8614061931799915,-0.042057320864051166,-0.1865912067306211,1.2632379969775114,-1.2497929358770412,-0.10280094841912382,0.9750488092760305,0.6006836808804094,0.6125530498969481
95,Cazenovia College,Yes,4840,65,Low,0.7910550476884727,-1.3330274833513371,-1.790608974018603,-0.14115332886810553,0.4496014388117548,-1.7565250579131289,-1.854952083311673,0.10819887684225507,0.060686441260878146,-0.2400428843878455,0.9894342714136745,0.6125530498969481
96,Cedar Crest College,Yes,5285,74,High,-0.7041618001642574,0.0762022459001068,0.5368781036420706,0.9886251869582496,-0.22919460395165178,-0.3812772017711419,0.09569733284866458,-0.5696679334896112,1.113250452842285,0.6451483961368951,0.24004471058144863,0.6125530498969481
97,Cedarville College,Yes,4410,64,Low,-0.1979895509370995,0.0762022459001068,-0.8314593967701942,-0.7230681594635859,0.25701902020397904,-0.3812772017711419,-1.6826681864267155,0.35589122750062596,0.8951255085680089,-0.5511929264538092,0.5920935695045492,0.6125530498969481
98,Centenary College,Yes,5400,24,Medium,-1.4599267852446847,-0.9727316677869279,0.2865138104912049,0.3569790488367368,-0.22919460395165178,-0.9342388053548688,0.257675656251106,-1.1906916694765606,0.060686441260878146,0.328556812105852,0.6707112839445158,0.6125530498969481
99,Centenary College of Louisiana,Yes,3490,66,Low,-1.1563673825857483,0.6270233788095003,-1.1623087972167594,-0.2574130404925577,0.4496014388117548,0.9567527520585001,0.8746535950171559,-0.678954128340758,0.4095619963667674,0.35435151159404005,0.8832096551423001,0.6125530498969481
100,Center for Creative Studies,Yes,6643,47,Medium,-0.9593874737028965,-3.3612688093227097,-0.0269627781192057,0.31732516147642037,6.0530181682508815,-1.337264617201809,-1.4375163915219222,-2.0362031548706714,-2.2835393318336408,1.0192856974958828,-0.5987779015149586,0.6125530498969481
101,Central College,Yes,3660,67,Medium,-0.2156565462716225,0.4228593760746721,-1.2111897817628978,0.2482830783835658,0.7526774067369609,-1.401605755600841,0.6902976719925955,-0.0948453587869114,0.643318740239679,0.008537990214752596,0.8201549377128529,0.6125530498969481
102,Central Connecticut State University,No,4444,49,Low,0.8593234112091827,-1.7978331880954055,1.7413779548467745,-1.18090470343079,-0.22919460395165178,-0.4120230705235647,-0.6232192944825511,0.6923240937679698,-2.2835393318336408,-1.6480951708121918,-0.9385880076186986,-1.6325116659989423
103,Central Missouri State University,No,3288,50,Low,0.9626252995081632,-1.204141438433242,1.0589431691000168,-1.6981893967092752,-2.048308048513365,1.319933419812853,-0.13569442115241218,1.3783101875984973,-2.2835393318336408,-1.253884956261006,0.8786328999973011,-1.6325116659989423
104,Central Washington University,No,3603,51,Low,0.5031971903602842,-1.4730544512765091,0.6481684615279929,-0.7548184765600306,0.7760362517747466,0.3359295207574098,0.6005650532112241,1.0179463816947254,-4.9125732096554495,-0.7679308655684733,-0.16900382616468737,-1.6325116659989423
105,Central Wesleyan College,Yes,3080,58,Low,-2.266945701516282,-1.4730544512765091,-1.3084587620708028,-0.43867589379908817,0.4496014388117548,-1.401605755600841,-1.2494530951634284,0.33141144399481565,-0.10280094841912382,-3.1134535727711214,0.6268501222619529,0.6125530498969481
106,Centre College,Yes,4270,74,Medium,-0.44299682843692617,1.4457068812376728,-2.0284891165270906,0.4601038015829844,0.4496014388117548,-0.5948985251698026,1.572409762644023,-0.6514933665420357,1.8025827916211208,1.0339755894704583,0.8820972714552059,0.6125530498969481
107,Chapman University,Yes,5895,47,High,-0.4962640449001746,-0.053119072030679226,-0.29431990922458523,1.4226353908535945,0.4496014388117548,-0.1865912067306211,-0.13569442115241218,-0.27638263533977814,-1.7339083692537995,0.9653310656928102,0.38796716660496344,0.6125530498969481
108,Chatham College,Yes,5230,52,High,-2.0505955623423,0.25645415555414425,-0.49825840795371323,0.8175967857331767,-1.0385747644227592,-0.7100928488101279,1.467641878959388,-1.2497929358770412,1.0294623131395182,1.43290854052395,1.2401777652074315,0.6125530498969481
109,Chestnut Hill College,Yes,5015,73,Medium,-1.53950919763093,0.0762022459001068,-0.23124356768754137,0.10177691395341339,1.0360807080301793,-0.7100928488101279,-0.7494672137091747,-1.5530655010797425,0.643318740239679,-0.2286393685630047,-0.028825733310021237,0.6125530498969481
110,Christendom College,Yes,3600,58,Low,-3.1343364701770713,0.5272445442404737,-2.3777403148239413,-0.3177653031659756,-1.0385747644227592,-0.8317407990918481,0.8746535950171559,-1.2497929358770412,-0.1911203270674524,0.637043604506619,0.9656617045345003,0.6125530498969481
111,Christian Brothers University,Yes,3260,63,Low,-0.5802877255931315,-0.5849046607537622,0.04846520513052702,-0.16337521728408877,0.4496014388117548,-0.5948985251698026,-0.06009188335680806,-0.7341609556836688,0.34549454598816776,-0.09198372173217094,-1.0612845096904249,0.6125530498969481
112,Christopher Newport University,No,4750,48,Low,-0.5769514473898463,-2.4887995845903816,1.1265120299043925,-0.5667371044636497,-0.04910428901620779,0.9443612941762071,0.017034841871698108,1.7059353653945981,-0.28448920152158647,-1.8433972369198681,0.8201489333345998,-1.6325116659989423
113,Claflin College,Yes,2460,21,Low,-0.2828091282258898,-0.19109950858549554,-1.754190088642558,-1.7869038304202742,-0.22919460395165178,-0.3812772017711419,-0.8700943318940553,0.7394742565334039,0.7487430981377603,-0.4740350489138743,-1.1166087317951414,0.6125530498969481
114,Claremont McKenna College,Yes,6010,87,High,0.13385363893363753,1.9518471386888567,-2.7891541657307277,1.49025275612465,-0.22919460395165178,-0.7100928488101279,1.572409762644023,-1.1613227117968303,1.5729406861767377,1.6750172127554543,-2.2757898985198928,0.6125530498969481
115,Clark University,Yes,4200,79,High,0.5355849600909882,0.36877700770497224,-0.08150079528244585,1.578664342499818,-0.22919460395165178,-0.48548409267976533,1.1635803366973685,-0.9021518863751771,0.9411429344911897,0.8370429157294728,-0.22944557529154153,0.6125530498969481
116,Clarke College,Yes,3676,74,Medium,-1.231537949833257,-0.7684736752694479,0.023611289917723446,0.2007751259034046,-1.5119094043589478,-0.5948985251698026,-0.7494672137091747,-0.7619093999483368,0.5306181538634841,-0.14740970669695777,-0.05303934049232307,0.6125530498969481
117,Clarkson University,Yes,5580,77,High,0.27786807389604234,0.6270233788095003,-1.0655266664461287,1.3007293056063747,1.0360807080301793,0.15797762173098784,1.1635803366973685,0.47736869024981177,0.7990089285165864,0.7830642867453096,1.029978601388659,0.6125530498969481
118,Clemson University,No,3610,73,Low,1.4256960666119654,0.7226458157909561,0.542224533587092,-0.4916727253520719,1.5536080298286021,0.6158347070057725,0.5124477851823425,0.9950204859927356,-0.1911203270674524,-0.2761552654652939,-0.6468901194795014,-1.6325116659989423
119,Clinch Valley Coll. of  the Univ. of Virginia,No,3689,46,Low,-0.8223283258418128,-0.6744109272506594,0.1430284865628281,-0.7780373645702805,0.4496014388117548,0.9567527520585001,-0.9851988400469104,1.0179463816947254,-1.1512760702749985,-2.0233600141212205,0.4577658560167495,-1.6325116659989423
120,Coe College,Yes,4390,67,High,-0.4497277065176664,0.31333619614396924,-0.3059236890617401,0.904976385452016,-0.22919460395165178,1.2713984993834933,0.3410143789166373,-0.3026284436876267,0.7990089285165864,0.46473766683986495,-0.06362290807356737,0.6125530498969481
121,Coker College,Yes,4502,75,Low,-0.9543692060010749,-0.6744109272506594,-0.25794229884583036,-0.010492915918670158,-1.0385747644227592,-0.3812772017711419,-0.3534735225728778,-0.46182603876526157,1.113250452842285,0.0981566530154845,0.009636562299330034,0.6125530498969481
122,Colby College,Yes,5590,91,High,0.5233485340651247,1.5482723599064572,-1.278903285492558,1.8226980701324427,-0.22919460395165178,-0.3812772017711419,1.0656043502924986,-0.9875453814266569,1.1929497028195202,1.4166410006884977,-1.9304617052231974,0.6125530498969481
123,Colgate University,Yes,5565,93,High,0.9944470370214236,1.1106782881401172,-1.4456176595845185,1.9182227286502798,-0.22919460395165178,-0.9606431574678058,1.467641878959388,-0.9021518863751771,1.341553066130896,1.361990242642362,-1.5900235578932915,0.6125530498969481
124,College Misericordia,Yes,5760,96,Medium,-0.1112687584441878,0.31333619614396924,0.24398810214401276,0.22963581213625425,0.12366360001576766,-0.5948985251698026,-1.2494530951634284,-0.2502164792374268,0.2788113855351543,0.057410379160633816,-0.8626395582916185,0.6125530498969481
125,College of Charleston,No,3460,51,Low,0.9793288829315396,-0.12094221917214981,0.8523266270880504,-1.1252436803842234,0.8453735565907202,1.3824926166108358,-0.2823735232374524,0.8097944922590654,-0.10280094841912382,-1.7388292182536815,-0.6048782052698527,-1.6325116659989423
126,College of Mount St. Joseph,Yes,4430,100,Low,-0.6765289411554756,-0.7684736752694479,0.8711509956451353,-0.032986091318428536,-1.0385747644227592,-0.09532026038541022,-1.886083615874445,-0.7341609556836688,0.9411429344911897,-0.5545834559422952,0.2041684664135521,0.6125530498969481
127,College of Mount St. Vincent,Yes,5770,83,Medium,-0.5095686092726212,-0.053119072030679226,0.15813485851786388,0.4465041895937312,-0.22919460395165178,-0.3812772017711419,-0.3534735225728778,-0.51557069273364,0.9411429344911897,0.4350125389198703,-0.4213223821404979,0.6125530498969481
128,College of Notre Dame,Yes,5520,43,Medium,-1.5333866929483533,-1.0845174670653988,-0.011592516330413196,0.6264060545068411,0.6339700077405098,1.319933419812853,-0.13569442115241218,-0.9305096236198228,-1.515783424979524,0.37627138325943565,0.13954330267853982,0.6125530498969481
129,College of Notre Dame of Maryland,Yes,5620,75,Medium,-1.238264674530118,0.6270233788095003,1.2201932091694034,0.30558727170858363,0.4496014388117548,-1.0977621252034493,-1.1477182127095475,-0.624126161709994,0.7990089285165864,-0.32047004302714815,0.21812051274380004,0.6125530498969481
130,College of Saint Benedict,Yes,4221,72,Medium,-0.5178538872860828,0.31333619614396924,-0.7050979406155994,0.5489673813859549,-0.22919460395165178,-1.401605755600841,0.5124477851823425,-0.19811971386291968,0.47121122188858366,0.1290131548058397,1.1848306204739671,0.6125530498969481
131,College of Saint Catherine,Yes,4440,77,Medium,-1.123882190808815,-0.053119072030679226,0.33024616355550623,0.543871190758648,-0.6142542984789046,-0.3812772017711419,0.42593464953116233,-0.624126161709994,0.7990089285165864,-0.3820654250635155,0.39029914851815145,0.6125530498969481
132,College of Saint Elizabeth,Yes,5250,78,Medium,-1.267971643957087,0.5776799288914051,0.7004688394881607,0.23920946386148842,-1.2213597710573685,-0.3812772017711419,-0.8104772611976783,-0.6514933665420357,0.2788113855351543,0.2934976831277726,0.4192311744972265,0.6125530498969481
133,College of Saint Rose,Yes,5666,64,Low,-0.4722025014556149,-0.053119072030679226,0.6450701157281966,0.015414767758353815,1.5536080298286021,0.4565508868862356,-0.7494672137091747,0.10819887684225507,0.5879401964775927,-0.9302330411611133,-0.48598644888802983,0.6125530498969481
134,College of Santa Fe,Yes,4138,80,Medium,-1.0564713842461682,-0.5849046607537622,0.46073403297051096,0.29570076441891036,0.4496014388117548,-0.00765221982654528,-0.5579571392876599,0.03258838544133442,-1.515783424979524,0.12120779395982409,0.4880891657014718,0.6125530498969481
135,College of St. Joseph,Yes,4850,76,Low,-2.500719773127311,-0.9727316677869279,-0.40688940091514847,-0.43867589379908817,-0.6142542984789046,0.15797762173098784,-1.644788026270866,-1.1906916694765606,-0.019012808716357025,-0.5347505512109527,0.6118780883481089,0.6125530498969481
136,College of St. Scholastica,Yes,3696,72,Medium,-0.8472850332444379,0.31333619614396924,-0.12711259786288123,0.45874587891499785,-0.6142542984789046,-0.10248534139796343,-0.42309620655881086,-0.5968513856813776,0.8477740600370556,0.17143550280772732,0.9521650893066104,0.6125530498969481
137,College of the Holy Cross,Yes,6300,95,High,0.5682668677952482,1.9228546444162873,-1.5075173179698151,1.665431632486453,-1.0385747644227592,-0.5948985251698026,1.2632379969775114,-0.678954128340758,1.662881415422127,0.8705549437052731,-1.2389116702046843,0.6125530498969481
138,College of William and Mary,No,4298,93,Medium,1.3208725805110006,1.8639323064397797,-0.5557012352251399,0.430580387024793,0.4496014388117548,-0.8317407990918481,0.8746535950171559,-0.46182603876526157,0.7487430981377603,0.31601413211936114,-2.112165827001758,-1.6325116659989423
139,College of Wooster,Yes,4690,69,High,0.24603682954884137,0.31333619614396924,-2.7891541657307277,1.3525342105578793,-0.22919460395165178,-1.7565250579131289,1.2632379969775114,-0.7341609556836688,1.2689406411191924,1.1854733498146486,1.0185684362278289,0.6125530498969481
140,Colorado College,Yes,4190,84,High,0.6297498590222459,1.4803479884652577,-2.0284891165270906,1.5155334155388724,-0.6142542984789046,-0.00765221982654528,1.3645882269351624,-0.678954128340758,1.5418252579254095,1.2567633181031763,-1.7358834217545338,0.6125530498969481
141,Colorado State University,No,4180,59,Low,1.5596230735644903,0.31333619614396924,1.159746824553713,-0.40679392583333346,-0.4559627311617416,0.8415717373961827,0.6005650532112241,1.2669625914791949,-0.9955858819980911,-0.1861696712084801,-0.550743820863166,-1.6325116659989423
142,Columbia College MO,Yes,3700,37,Low,-1.6294967983676736,-1.204141438433242,2.0023972563631114,-0.44039181156896423,-1.0385747644227592,-0.5948985251698026,0.42593464953116233,0.35589122750062596,-3.1179783991407715,-1.5670561942488836,-1.6580115232056332,0.6125530498969481
143,Columbia College,Yes,3975,76,Medium,-0.7552779538873227,-0.19109950858549554,-0.21828095609480458,0.12399383168105417,-0.22919460395165178,0.4565508868862356,-0.3534735225728778,0.20805976907672355,0.8951255085680089,0.08399334252565932,0.5862181936499963,0.6125530498969481
144,Columbia University,Yes,6664,99,High,1.2769542436980656,2.1467210811345456,-1.0460501389834254,1.7715240845656421,0.12366360001576766,-2.725770466958715,1.467641878959388,-2.346143073205524,0.13667737956055104,2.4351279586923766,-3.1375969968270514,0.6125530498969481
145,Concordia College at St. Paul,Yes,3750,45,Medium,-1.7473149216250068,-0.8676768730139962,-0.38016184372961903,0.14241187243179232,-0.6142542984789046,-0.48548409267976533,-0.49125343790260845,-0.27638263533977814,-0.10280094841912382,-0.5267917223187324,1.3583603739410062,0.6125530498969481
146,Concordia Lutheran College,Yes,3800,42,Low,-1.9528843614414237,-0.5849046607537622,-0.4103082976918087,-0.8634700462138203,-0.6142542984789046,0.870912231739399,-0.42309620655881086,-0.46182603876526157,-1.1512760702749985,-0.560531518973344,1.2523484279958867,0.6125530498969481
147,Concordia University CA,Yes,4440,55,Medium,-0.823777992577121,0.36877700770497224,-0.716077060923525,0.21523180244088352,0.25701902020397904,0.47742975269760785,-1.3460179845367914,-0.19811971386291968,-0.601645107695158,-0.00047325694839614896,-0.16695541290365903,0.6125530498969481
148,Concordia University,Yes,4191,75,Low,-1.0905411484349299,-0.12094221917214981,-0.5101423269626912,-0.1857293585187374,-1.0385747644227592,-0.3812772017711419,-1.1477182127095475,-0.46182603876526157,-0.601645107695158,-0.3843871007626966,0.11108056760492421,0.6125530498969481
149,Connecticut College,Yes,6300,91,High,0.5804590678973037,0.9459121453121654,-0.23124356768754137,1.790987922612814,0.4496014388117548,-1.7565250579131289,1.1635803366973685,-0.8457496768946343,1.1535860970634626,1.271100792285149,-1.6157983130368996,0.6125530498969481
150,Converse College,Yes,3700,75,Medium,-1.27730030391735,0.6270233788095003,-0.8449738010651707,0.5051117783746978,-0.22919460395165178,-0.5948985251698026,-0.42309620655881086,-0.9875453814266569,0.7487430981377603,0.6459771420827987,1.211300101682098,0.6125530498969481
151,Cornell College,Yes,4323,64,High,-0.04386789039106478,0.5272445442404737,-1.8724965554839512,1.166249900871245,0.12366360001576766,-0.8317407990918481,-0.42309620655881086,-0.43508339754859443,0.7487430981377603,0.5105421052147391,0.7971031965388506,0.6125530498969481
152,Creighton University,Yes,4372,85,Medium,0.5601396393132836,0.36877700770497224,0.42112300097139865,0.1736467268654666,0.7526774067369609,1.1246396100682525,0.6902976719925955,-2.137636272968848,0.7990089285165864,2.0252747291991597,1.4211349399703495,0.6125530498969481
153,Culver-Stockton College,Yes,3700,51,Low,-0.020911496682942957,0.012544204192919675,-0.657953434142662,-0.5254906116708956,-1.0385747644227592,-1.7565250579131289,-1.6826681864267155,0.05786129345554121,0.5879401964775927,-1.0777564012721217,-0.2898660653452511,0.6125530498969481
154,Cumberland College,Yes,3526,63,Low,-0.4604069757193684,0.13799295441079087,-0.609418494327022,-1.0870474873256957,-1.0385747644227592,-1.401605755600841,-1.9451356052056121,-0.22412911897517035,-2.2835393318336408,-0.07237775097560202,0.3131580071250354,0.6125530498969481
155,D'Youville College,Yes,4310,46,Low,-0.5960200611471558,-0.4176946998854469,-0.002155248563959933,-0.2655850791141504,0.924904566424084,0.18968183158858262,-0.9283307329438812,0.18319470580243497,1.231387019584252,-0.5507695367468025,-0.2186740742158603,0.6125530498969481
156,Dana College,Yes,3322,54,Low,-1.1379582441334881,-1.204141438433242,-0.8182388420878751,-0.20875484710447265,-0.6142542984789046,0.3855304303319012,-1.7193887069886764,-0.32895477682173185,0.4095619963667674,0.08191777926240891,1.424546622282759,0.6125530498969481
157,Daniel Webster College,Yes,4934,72,Medium,-0.9866135757960329,-0.9727316677869279,0.29892581437458815,0.558920033452098,-0.22919460395165178,-1.7565250579131289,-1.2983753500580535,1.9193527444940262,-0.9955858819980911,0.06911105656854023,0.8261274671015463,0.6125530498969481
158,Dartmouth College,Yes,6070,98,High,1.4779107069768513,2.379000709104455,-1.3238470126728867,1.9239271179565858,0.12366360001576766,-0.1865912067306211,1.572409762644023,-2.7898155440247145,1.4777578075468099,2.39067852968879,-3.280237961329974,0.6125530498969481
159,Davidson College,Yes,5070,94,High,0.3580152268773271,2.1197004682084537,-2.094224254323986,1.5426189300141846,0.4496014388117548,-0.35900044788853963,1.3645882269351624,-0.4886548043056184,1.3766836801623437,1.591946006567486,-2.3404118309344693,0.6125530498969481
160,Defiance College,Yes,3670,56,Medium,-1.0110999426334613,-1.204141438433242,-0.10937808900060474,0.22723878076167187,-1.0385747644227592,-0.07928282794576598,-1.3460179845367914,-0.27638263533977814,-0.019012808716357025,-0.3100322414741442,0.41104772956565694,0.6125530498969481
161,Delta State University,No,1880,58,Low,-0.48817243737996713,-0.6744109272506594,0.30138314592390336,-1.7370978529197953,-0.22919460395165178,-0.00765221982654528,-1.199238322126377,0.7864078276084672,-0.28448920152158647,-1.5002259289848896,1.5667146912706456,-1.6325116659989423
162,Denison University,Yes,4720,81,High,0.4957182217292326,0.47565884296982563,-1.720213694636818,1.4723661123632084,-0.22919460395165178,-1.401605755600841,1.3645882269351624,-0.5968513856813776,1.341553066130896,0.9201258976380948,0.5319326793254092,0.6125530498969481
163,DePauw University,Yes,5020,82,High,0.19828017696786296,1.2651043449994013,-1.2646921583279367,0.9806324705923504,0.12366360001576766,-0.48548409267976533,1.0656043502924986,-0.7341609556836688,0.7487430981377603,0.7575897571054945,0.5684253181280786,0.6125530498969481
164,Dickinson College,Yes,5000,87,High,0.5742365084333012,0.4228593760746721,-0.9825675695179336,1.7842852180989535,0.4180956600883189,0.07669669114387123,1.0656043502924986,-0.7065095991630397,1.113250452842285,1.145829622205357,0.6494450552535861,0.6125530498969481
165,Dickinson State University,No,2146,46,Low,-1.291465258005524,-1.204141438433242,-0.21828095609480458,-1.7550331807304493,0.4496014388117548,1.0664517666812061,-1.1477182127095475,0.644953727665646,0.5879401964775927,-1.9341096738781873,1.376655406957988,-1.6325116659989423
166,Dillard University,Yes,3650,61,Low,0.2001312982258356,0.9029060992795954,-1.1507160945452135,-0.9286569732347447,-0.22919460395165178,1.374059763805699,-1.6826681864267155,0.05786129345554121,-0.7227012651918747,-0.28749933846356834,-0.3961589310724122,0.6125530498969481
167,Doane College,Yes,3000,60,Low,-0.6827367501871414,-0.26378841421379556,0.12603424105220862,-0.09240865549728078,-1.0385747644227592,-0.3812772017711419,-0.6870519494859656,0.30686892312721886,1.231387019584252,-0.5703440020070955,1.0009265049786218,0.6125530498969481
168,Dominican College of Blauvelt,Yes,5500,54,Low,-1.4857398819682552,-2.216819485276005,0.6206251539915163,-0.4358178408100831,0.4496014388117548,0.8415717373961827,-1.973085139428777,-0.3026284436876267,-1.9857151375821298,-1.2665258077668393,1.1357190564059136,0.6125530498969481
169,Dordt College,Yes,2650,87,Low,-0.9543692060010749,0.0762022459001068,-1.0365500942946193,-0.032986091318428536,-0.6142542984789046,1.7964834857726075,-1.3460179845367914,-0.35536252385287187,-0.1911203270674524,-0.3782024853474245,1.2484649534155852,0.6125530498969481
170,Dowling College,Yes,3100,42,Low,-0.4449148326110543,-1.3330274833513371,1.3831200202033815,-0.24383287267735948,-0.6142542984789046,0.33150018061283754,-0.2823735232374524,-0.3818525909118409,-1.515783424979524,0.6894452340128713,0.4969246581629162,0.6125530498969481
171,Drake University,Yes,4770,77,High,0.5077172359754519,0.5776799288914051,0.5021112662631992,0.8009475046732771,0.19086001172443928,0.6889587036963648,0.9692990979140862,0.2822630870249353,0.34549454598816776,0.3002601430943817,1.1722336932314659,0.6125530498969481
172,Drew University,Yes,5616,83,High,0.2689544382749651,1.4803479884652577,-0.7989304281010338,1.7391323138792998,-0.08451552985556095,-1.2141513100062433,1.3645882269351624,-0.9875453814266569,0.5879401964775927,1.2885046737822075,-0.08889222026650136,0.6125530498969481
173,Drury College,Yes,3523,67,Low,-0.8065293710478005,0.5272445442404737,-1.1172801877673055,-0.3177653031659756,-0.22919460395165178,-0.9606431574678058,0.8746535950171559,-0.17218743851993387,0.9411429344911897,0.2555176052756184,1.2355940090922997,0.6125530498969481
174,Duke University,Yes,5950,97,High,1.8646283045153287,2.452443922292768,-1.0655266664461287,1.765804079540528,0.6037806420075299,-0.07396263422242626,1.2632379969775114,-2.6751249263889973,1.3056502891957145,2.2754537212220685,-3.16035409295968,0.6125530498969481
175,Earlham College,Yes,4056,78,High,-0.16157565112194094,0.6270233788095003,-1.754190088642558,1.125413315068996,0.4496014388117548,-1.401605755600841,1.0656043502924986,-0.8738990280930911,1.3766836801623437,1.2527883447280876,-0.04171452484615041,0.6125530498969481
176,East Carolina University,No,3240,58,Low,1.5416642368119329,-0.7684736752694479,1.0997990462491598,-0.7529427077266196,-0.22919460395165178,0.7203062079932,-0.2823735232374524,-0.17218743851993387,-0.10280094841912382,0.17312107083460043,-0.414421776926459,-1.6325116659989423
177,East Tennessee State University,No,3000,42,Low,0.6632898672156518,-0.6744109272506594,1.438087347374073,-1.2389903799716608,0.4496014388117548,1.2713984993834933,-0.49125343790260845,0.03258838544133442,-1.1512760702749985,0.389081488054586,0.49583358525011534,-1.6325116659989423
178,East Texas Baptist University,Yes,2780,38,Low,-1.4320261129623766,-1.204141438433242,-0.4865896262837877,-1.5626738743393256,-0.013985659609939818,0.4565508868862356,-1.2494530951634284,0.4531942340637841,-1.515783424979524,-1.1842152031968964,1.039447949263229,0.6125530498969481
179,Eastern College,Yes,4800,54,Medium,-1.2360171827581916,-0.5849046607537622,0.03258888578078393,0.30793760446468377,-0.6142542984789046,0.043338678855854074,-1.3460179845367914,-0.06921364143108526,0.20928980457225407,-0.09001309276929258,0.39962898554474113,0.6125530498969481
180,Eastern Connecticut State University,No,4316,50,Low,0.27702314428229274,-0.7684736752694479,1.0284544932615287,-1.18090470343079,0.7526774067369609,-1.7565250579131289,-0.42309620655881086,0.7394742565334039,-0.488944521318963,-1.1269161023512753,-0.4050276939134156,-1.6325116659989423
181,Eastern Illinois University,No,3066,76,Low,1.1167770582926202,-0.9727316677869279,0.6060656891712535,-1.2717218542471185,-5.026053121682205,0.757364625701148,-0.7494672137091747,0.573477137701554,-1.9857151375821298,-1.147935428412078,0.08804652988751521,-1.6325116659989423
182,Eastern Mennonite College,Yes,3800,82,Low,-1.175139144083295,-0.33923404372499044,-1.0089401426438156,-0.07163457522029804,0.4496014388117548,0.15797762173098784,-1.094880026424442,-0.6514933665420357,0.643318740239679,0.4756801726045753,1.07763362346218,0.6125530498969481
183,Eastern Nazarene College,Yes,3500,70,Low,-1.113953929553386,-0.4994689411839058,-1.3559697713457743,-0.3067184471799179,-0.6142542984789046,-1.0977621252034493,-1.4375163915219222,0.8331283179455149,-0.1911203270674524,-0.7598939811964682,0.31091892859546744,0.6125530498969481
184,Eckerd College,Yes,4080,59,High,-0.11790188052693058,0.5272445442404737,-1.4860814376784814,1.1876735060776513,0.4496014388117548,-0.3812772017711419,0.6005650532112241,-0.27638263533977814,0.47121122188858366,1.3008254746528989,0.22420208315421772,0.6125530498969481
185,Elizabethtown College,Yes,4400,81,High,0.37476222189996,0.6753287453312369,-0.07522454097749359,0.9585764922158634,-0.22919460395165178,-0.9606431574678058,-0.9283307329438812,-0.27638263533977814,0.4095619963667674,0.3866261378410885,0.10603285279999924,0.6125530498969481
186,Elmira College,Yes,4980,64,High,-0.09490099618311923,0.198039873680471,0.25583455751090833,1.1165026775542388,-0.6142542984789046,-1.5715860927236942,1.467641878959388,1.77036409877175,0.13667737956055104,-0.3111477027024013,-0.2020317266026956,0.6125530498969481
187,Elms College,Yes,4765,86,Medium,-1.8941016785322646,-0.053119072030679226,0.1640893098339927,0.44877394394675296,-0.6142542984789046,0.7203062079932,-0.7494672137091747,-0.678954128340758,0.13667737956055104,0.15902147165043837,0.6941869296649427,0.6125530498969481
188,Elon College,Yes,3883,63,Low,0.7383528588207287,-1.0845174670653988,-0.005914869171841524,-0.2168205059111905,-0.3034345775074198,0.8142433155553928,-0.5579571392876599,1.199612364107489,0.8951255085680089,-0.8081301624363186,0.14853550312145522,0.6125530498969481
189,Embry Riddle Aeronautical University,Yes,3750,44,Low,0.6140195609681495,-0.7684736752694479,0.614995953555373,-0.5845619581984871,0.25701902020397904,1.9631120966190079,-1.973085139428777,0.644953727665646,-2.2835393318336408,0.9957332416378973,0.49744780298226177,0.6125530498969481
190,Emory & Henry College,Yes,4408,82,Low,-0.7182951228212917,0.36877700770497224,-1.3238470126728867,-0.36004924784599673,1.0360807080301793,0.5922469197789696,0.5124477851823425,0.0072451478867492135,1.5418252579254095,-0.1144754144435699,0.6633375234297659,0.6125530498969481
191,Emory University,Yes,6000,96,High,1.4700352771647462,2.092417481864056,-0.3450992073195934,1.596146862400266,0.4496014388117548,-0.6632809494242868,1.467641878959388,-2.6751249263889973,0.5879401964775927,2.3370729702505577,-1.747649838556899,0.6125530498969481
192,Emporia State University,No,3144,50,Low,-0.23596071200465604,0.988162936623047,0.36028690596352625,-1.3867498466794812,-0.6142542984789046,0.9432314873872778,-0.49125343790260845,1.2893215220075749,-2.2835393318336408,-1.23833711596673,1.7214721572963374,-1.6325116659989423
193,Erskine College,Yes,3840,67,Medium,-0.8668309666130586,1.1501937769220463,-1.278903285492558,0.1387351949556091,-0.41730816701513435,0.07006481891698876,-0.13569442115241218,-0.0948453587869114,1.4110746470937963,-0.30187315452137464,0.668613286832959,0.6125530498969481
194,Eureka College,Yes,3450,53,Medium,-1.0307954322663364,0.6753287453312369,-1.6583617630196459,0.2523356229466298,-1.71791435236204,-1.1844539612578329,0.42593464953116233,-0.8738990280930911,0.7487430981377603,0.3206331775576405,0.433895064555637,0.6125530498969481
195,Evergreen State College,No,4600,68,Low,0.10388999088653439,-0.7684736752694479,0.0467187499259945,-1.063999225102639,0.4496014388117548,0.19439905276860872,-0.2823735232374524,1.0179463816947254,-0.488944521318963,-0.0192701651579478,-0.922395611942736,-1.6325116659989423
196,Fairfield University,Yes,6200,94,High,0.9815060205636031,0.36877700770497224,0.7487868149099584,1.1184412991582742,1.0360807080301793,-0.1865912067306211,0.6902976719925955,0.30686892312721886,0.696881263144984,0.6978658765736593,-0.3231973409569424,0.6125530498969481
197,Fayetteville State University,No,2550,24,Low,-0.09619928971790724,-3.3612688093227097,0.39241310921738554,-0.8939510962294314,-1.5119094043589478,-0.9185501864797689,-0.49125343790260845,0.30686892312721886,-0.9955858819980911,-0.5196990371919251,-0.10649827794002265,-1.6325116659989423
198,Ferrum College,Yes,4200,22,Low,-0.1749674438250878,-0.9727316677869279,-0.8314593967701942,-0.13693542017306365,-0.22919460395165178,0.5922469197789696,-1.4375163915219222,-0.35536252385287187,-1.1512760702749985,-0.14605322917056576,0.5428819964548772,0.6125530498969481
199,Flagler College,Yes,3200,69,Low,-0.12257490945753002,-0.4176946998854469,-1.1623087972167594,-1.495170933314708,-0.22919460395165178,1.2117899245837749,-1.3460179845367914,1.0179463816947254,-1.1512760702749985,-2.471861847058286,-1.6484275928622691,0.6125530498969481
200,Florida Institute of Technology,Yes,4140,57,High,0.17622625168672634,0.814496291254933,-0.2286310376374946,0.8998852924398952,1.3023649764046783,0.4565508868862356,0.6902976719925955,-0.8738990280930911,-1.515783424979524,0.15078792086869713,0.4392729146294929,0.6125530498969481
201,Florida International University,No,2494,66,Low,0.6568509698240744,0.9459121453121654,2.474543693118865,-0.962727889460684,1.5536080298286021,1.9689570412852173,1.2632379969775114,0.0072451478867492135,0.060686441260878146,-0.6267762699138207,-0.8031542280179284,-1.6325116659989423
202,Florida Southern College,Yes,4865,68,Low,-0.14563093150753498,-0.26378841421379556,0.7019124328284159,-0.5181751764708663,-1.0385747644227592,-1.2442682363007727,-0.5579571392876599,0.8564097284492168,-0.9955858819980911,-0.8033014820883129,0.04183256314276985,0.6125530498969481
203,Florida State University,No,4060,58,Low,1.7285878263497778,1.2651043449994013,1.598334395176278,-0.9352456267250221,0.4496014388117548,-0.34094031168639527,0.6005650532112241,2.108250754738143,-0.3835201634208818,-0.40737455139808587,-0.01135839923736634,-1.6325116659989423
204,Fontbonne College,Yes,4100,62,Low,-1.7101084603203398,-0.5849046607537622,-0.0002829950347380958,-0.4130343485689791,-1.5119094043589478,0.4565508868862356,-1.5654940694465738,1.77036409877175,0.34549454598816776,-1.8685105713324222,0.646195430686714,0.6125530498969481
205,Fordham University,Yes,6965,80,High,0.8681210193534843,0.36877700770497224,1.081643693841069,0.9676129215119169,0.4496014388117548,0.7634831066588167,1.3645882269351624,0.1332649014169348,-0.488944521318963,0.6249074219774986,-0.4261092577655102,0.6125530498969481
206,Fort Lewis College,No,3320,46,Low,0.6921779864161502,-0.5849046607537622,0.23463867832854796,-1.098113097372355,-0.22919460395165178,1.5485627320659798,1.3645882269351624,1.2445583091192327,-1.7339083692537995,-2.07011644263662,0.5014095281723605,-1.6325116659989423
207,Francis Marion University,No,3138,43,Low,0.10388999088653439,-0.8676768730139962,0.1640893098339927,-1.224550127125327,-1.0385747644227592,1.486760856945429,-0.42309620655881086,1.2445583091192327,-1.3233835886260938,-1.550504384488603,1.1700368797121874,-1.6325116659989423
208,Franciscan University of Steubenville,Yes,4400,83,Low,-1.0435462405115867,-0.12094221917214981,-0.20556249240006352,-0.07163457522029804,0.4496014388117548,-0.3812772017711419,-0.8700943318940553,0.25759334859915667,-1.3233835886260938,-0.8047488519336279,0.4791001834075319,0.6125530498969481
209,Franklin College,Yes,4040,60,Medium,-0.6691344177312001,0.31333619614396924,-0.9331033091060886,0.1153689487765085,-0.04910428901620779,0.22869245578463648,-0.2823735232374524,-0.35536252385287187,1.0294623131395182,0.800294320009106,0.2662550169041441,0.6125530498969481
210,Franklin Pierce College,Yes,4630,51,High,1.051404303491014,-2.4887995845903816,0.8505387244489488,0.7800439559719655,-0.22919460395165178,-0.8317407990918481,-1.5240531582747878,0.9028169700855423,-0.28448920152158647,-0.7655636679884145,0.782501161036982,0.6125530498969481
211,Freed-Hardeman University,Yes,3340,62,Low,-0.5637268661016084,-0.26378841421379556,-1.0960209047484506,-1.349436019515328,0.4496014388117548,0.5922469197789696,-0.42309620655881086,0.5495374102901845,-0.601645107695158,-0.93331824525257,-0.915841858318429,0.6125530498969481
212,Fresno Pacific College,Yes,3670,54,Low,-1.527302255907322,1.3022664532279355,-0.9740319705249554,-0.007435867506013141,0.6339700077405098,0.8627345908343745,-1.392393977623881,-0.9021518863751771,-0.488944521318963,-0.1031931424001955,0.3059658758233021,0.6125530498969481
213,Furman University,Yes,4048,82,High,0.27236106205515453,1.4803479884652577,-0.4001047041054972,0.8051159245144571,0.4496014388117548,0.07669669114387123,1.1635803366973685,-0.0948453587869114,0.5879401964775927,1.0057172446951879,1.060444042664282,0.6125530498969481
214,Gannon University,Yes,4280,65,Medium,0.392293572676102,0.012544204192919675,0.46860660110384117,0.2559079680595294,-0.22919460395165178,0.28219421603125683,-1.7193887069886764,-0.14633148248231934,-0.10280094841912382,-0.2350448654267066,0.18653891637903583,0.6125530498969481
215,Gardner Webb University,Yes,4270,29,Low,-0.3545507039165945,-0.4176946998854469,0.0656958882796692,-0.4731503524789701,-0.22919460395165178,-1.7565250579131289,-1.4375163915219222,0.33141144399481565,-0.7227012651918747,-1.1582375455588128,0.6183974424547377,0.6125530498969481
216,Geneva College,Yes,4820,74,Low,-0.8532556531005209,-0.33923404372499044,-0.1663968709524967,-0.11696450190027484,-0.22919460395165178,-0.1865912067306211,-0.9851988400469104,1.4665986044009744,0.47121122188858366,-0.5987858574876908,0.35694011234008743,0.6125530498969481
217,George Fox College,Yes,4130,52,Medium,-0.6630173945723591,0.198039873680471,-1.1741414143251223,0.6046150057754331,-1.0385747644227592,-0.28178741469544866,-1.644788026270866,-0.0948453587869114,0.20928980457225407,-0.45261885457651485,1.0235853733493756,0.6125530498969481
218,George Mason University,No,4840,46,Medium,1.1253053607527028,-0.4994689411839058,1.729098256390747,0.21523180244088352,0.3221744263814951,-0.28178741469544866,1.2632379969775114,1.2893215220075749,-1.515783424979524,-0.6140424091913427,0.12468386128809128,-1.6325116659989423
219,George Washington University,Yes,6328,72,High,1.4057847910470773,0.7690207208177241,0.9987618010283336,1.5698984641807796,1.0360807080301793,-0.48548409267976533,0.9692990979140862,-1.7738881670636384,-0.3835201634208818,1.2674333783048477,-0.7083504754111445,0.6125530498969481
220,Georgetown College,Yes,3950,55,Low,-0.768852719959024,0.36877700770497224,-1.1172801877673055,-0.496318301398342,0.12366360001576766,-1.5715860927236942,-0.42309620655881086,-0.14633148248231934,0.5879401964775927,-0.30891746774804596,1.4033456118422496,0.6125530498969481
221,Georgetown University,Yes,7131,95,High,1.6902600086630695,1.9518471386888567,0.11817369230171175,1.7167341784278118,0.8682441954437234,0.7203062079932,0.8746535950171559,-1.9036274414904166,0.5306181538634841,1.7805025396805254,-3.3176721892955356,0.6125530498969481
222,Georgia Institute of Technology,No,4438,70,Low,1.4017407152552885,2.42816800768983,0.43148156950958755,-0.9988301697961286,1.5291092798376344,-0.0704228992327387,0.8746535950171559,1.2893215220075749,0.8477740600370556,0.7080258151653878,-1.1515141114002445,-1.6325116659989423
223,Georgia State University,No,2655,34,Low,0.7785995634614419,-1.3330274833513371,2.450189803984201,-0.9142072820709763,1.14452306768254,2.2586464050740678,0.6005650532112241,1.2221083447673498,-0.9955858819980911,-0.2169555105177333,-0.8825170324457351,-1.6325116659989423
224,Georgian Court College,Yes,3950,76,Low,-1.52125543181381,-0.9727316677869279,0.5554281226120914,-0.20338740937712219,-0.22919460395165178,-0.8317407990918481,-1.392393977623881,-0.43508339754859443,0.5306181538634841,-0.3693485130385776,0.41183507966591365,0.6125530498969481
225,Gettysburg College,Yes,4328,83,High,0.7314906758512124,0.9459121453121654,-1.139353269435478,1.9917016387042776,-0.22919460395165178,-1.7565250579131289,1.1635803366973685,-0.46182603876526157,0.7990089285165864,1.2641498131369278,-0.41606741572587574,0.6125530498969481
226,Goldey Beacom College,Yes,2985,36,Low,-0.9071947257815036,-1.204141438433242,0.6968480623799266,-1.1252436803842234,-0.006996591935424625,0.8767356419746953,-2.314801516396056,3.012863609137553,-2.2835393318336408,-0.9317750563218108,-0.05163767264256884,0.6125530498969481
227,Gonzaga University,Yes,4450,69,Medium,0.1467357959187586,0.4228593760746721,-0.08150079528244585,0.7124516289319571,0.4496014388117548,1.4597682930680178,0.6902976719925955,0.20805976907672355,0.7990089285165864,0.320889397538109,0.4158356487607785,0.6125530498969481
228,Gordon College,Yes,4070,66,Medium,-0.8443140041897262,0.0762022459001068,-1.2240971271106287,0.5385467061091938,-1.0385747644227592,-0.00765221982654528,0.017034841871698108,0.08306456383049592,0.7990089285165864,0.23483457106994746,0.6213978929649402,0.6125530498969481
229,Goshen College,Yes,3730,72,Low,-1.27730030391735,0.13799295441079087,-0.43120597387557275,-0.13166966162554336,0.4496014388117548,0.043338678855854074,-1.5240531582747878,-1.073921779837255,1.3766836801623437,0.4945861329598804,1.0412427498106844,0.6125530498969481
230,Goucher College,Yes,6174,77,High,-0.31963130284860525,0.8591123720558881,-0.8449738010651707,1.230970805394107,-0.22919460395165178,-0.00765221982654528,0.6902976719925955,-1.2795288599936452,0.8951255085680089,1.491924130472822,-0.27607380039393836,0.6125530498969481
231,Grace College and Seminary,Yes,3670,64,Low,-1.0527604281168044,-0.4176946998854469,-0.6529279200826898,-0.2552368701838878,-2.048308048513365,-0.3812772017711419,-1.392393977623881,0.35589122750062596,0.47121122188858366,0.38244317514837317,0.23191871024746238,0.6125530498969481
232,Graceland College,Yes,3100,47,Low,-1.0398855625898902,-0.7684736752694479,1.3260246516246552,-0.2168205059111905,0.12366360001576766,-0.6402474519149863,-1.2983753500580535,2.2119561203041362,0.34549454598816776,-1.1900316309135763,-0.00667822928883494,0.6125530498969481
233,Grand Valley State University,No,3800,57,Low,1.047741183270281,-0.26378841421379556,1.4319224288770391,-1.1294377430266962,-0.22919460395165178,-0.3812772017711419,-1.0407110988557453,1.5760036933158954,-1.1512760702749985,-1.534073719280093,0.03834886055545697,-1.6325116659989423
234,Green Mountain College,Yes,2700,76,Medium,-0.6990756244101016,-1.6267810138219474,-1.186224667229641,0.43741250359800665,-1.0385747644227592,-0.7100928488101279,0.09569733284866458,0.03258838544133442,0.34549454598816776,-0.7387771668507485,0.3958969016832701,0.6125530498969481
235,Greensboro College,Yes,3770,39,Low,-0.9477196186556389,-1.204141438433242,-0.04466990251099864,-0.4301085059651223,0.12366360001576766,0.15797762173098784,-0.13569442115241218,-0.22412911897517035,0.7487430981377603,-0.15216566623859243,0.4460420182607379,0.6125530498969481
236,Greenville College,Yes,4530,60,Medium,-1.1258803468589627,-0.26378841421379556,-1.0655266664461287,0.0955830052242655,-1.0385747644227592,-0.8317407990918481,-1.2983753500580535,0.10819887684225507,-0.28448920152158647,-0.0616886383800459,0.08091888041917393,0.6125530498969481
237,Grinnell College,Yes,4618,83,High,0.21887920193087113,1.4803479884652577,-1.3559697713457743,1.249829628182727,-1.0385747644227592,-2.184436020520695,0.8746535950171559,-1.1906916694765606,1.6334479958237178,1.723714063449873,-0.44698843547303196,0.6125530498969481
238,Grove City College,Yes,3048,100,Low,0.4022032787065845,1.51453184767177,-1.278903285492558,-1.45459829563365,-0.04910428901620779,-2.4371388857635745,-1.094880026424442,1.0864302146786269,-0.10280094841912382,-1.607565589490123,-2.0496912780215544,0.6125530498969481
239,Guilford College,Yes,5160,65,High,-0.27801207478851164,-0.4176946998854469,-0.07522454097749359,0.7976098294365099,-0.6142542984789046,-0.28178741469544866,0.3410143789166373,0.428959798578832,0.696881263144984,0.2042702485448156,0.8839184775303086,0.6125530498969481
240,Gustavus Adolphus College,Yes,3600,80,High,0.054999656855277974,0.6753287453312369,-1.0960209047484506,0.945490575432434,-1.0385747644227592,-1.0977621252034493,0.6005650532112241,-0.35536252385287187,1.7481273960002646,0.4090709791338205,0.4318622800268725,0.6125530498969481
241,Gwynedd Mercy College,Yes,5550,96,Medium,-1.4292795810578294,0.36877700770497224,0.795570085719376,0.26304304288094815,-0.22919460395165178,-1.7565250579131289,-2.0259049331637793,-1.7100169908089118,0.20928980457225407,-0.31822830099280974,-0.8383385077154618,0.6125530498969481
242,Hamilton College,Yes,5050,91,High,0.6108944514574596,0.8591123720558881,-1.465469585892367,1.9491090666190471,-2.048308048513365,-0.8317407990918481,1.2632379969775114,-1.1613227117968303,1.8025827916211208,1.6098052606302762,-1.2182453776018507,0.6125530498969481
243,Hamline University,Yes,4194,65,High,-0.4497277065176664,0.5776799288914051,-0.7105632497995537,0.7657705861943105,-0.6142542984789046,-1.5715860927236942,0.9692990979140862,-0.22412911897517035,0.8477740600370556,0.5005321658553931,0.49760016172075866,0.6125530498969481
244,Hampden - Sydney College,Yes,4773,69,High,-0.6533140242438519,-0.26378841421379556,-2.7891541657307277,0.7586158531116006,0.8108421980583806,-1.401605755600841,1.3645882269351624,-0.14633148248231934,1.6034744834472257,0.8925153057160933,0.2810843054601317,0.6125530498969481
245,Hampton University,Yes,3518,70,Low,1.3280571656019342,0.0762022459001068,0.5151068467870744,-0.7802418840968484,0.4496014388117548,1.0664517666812061,-1.1477182127095475,0.03258838544133442,-1.1512760702749985,-0.5966162551682218,-1.5223635376373355,0.6125530498969481
246,Hanover College,Yes,3485,64,Low,-0.4497277065176664,0.5272445442404737,-1.6883580068917183,-0.4673816430927018,-0.22919460395165178,-0.00765221982654528,0.17590711389826055,-0.8738990280930911,0.47121122188858366,0.24077110487048856,0.5787408465103001,0.6125530498969481
247,Hardin-Simmons University,Yes,2980,38,Low,-1.2160235586862256,-0.5849046607537622,-0.005914869171841524,-1.062970989725606,1.0360807080301793,1.2117899245837749,-0.2097844047463471,-0.043655143285562414,-0.9955858819980911,-0.48585826824224226,1.095136728562224,0.6125530498969481
248,Harding University,Yes,3528,73,Low,0.0615347140565199,0.6270233788095003,-0.28291456787342456,-1.3479376981528233,1.0360807080301793,-0.5725728835747472,-0.3534735225728778,0.9259436201670278,1.0294623131395182,-0.7429823905702468,-0.8595261174749087,0.6125530498969481
249,Hartwick College,Yes,4780,73,High,0.23855423871085724,-0.12094221917214981,-0.9410669533097699,1.5751599681039903,-0.22919460395165178,-1.0977621252034493,0.42593464953116233,-0.4084259016153425,0.7990089285165864,0.7766434974014154,0.5523788885499915,0.6125530498969481
250,Harvard University,Yes,6410,100,High,1.8690384911826512,2.452443922292768,-0.032815198438155,1.7480958547897538,-0.22919460395165178,0.9791134641449935,1.3645882269351624,-1.073921779837255,1.5729406861767377,2.675302611111021,-4.0186533872995085,0.6125530498969481
251,Harvey Mudd College,Yes,6690,100,High,-0.14838336820690054,2.5709000589305027,-2.170690908036451,1.5311313223741756,1.0360807080301793,-0.5948985251698026,1.6789026453905742,-1.5841549225823557,1.3766836801623437,1.9321625099967559,-2.255177610502869,0.6125530498969481
252,Hastings College,Yes,3272,52,Low,-0.6533140242438519,-0.12094221917214981,-1.2508324265266673,-0.14326405507782983,-0.22919460395165178,0.958998605336511,-1.199238322126377,-0.22412911897517035,-0.1911203270674524,-0.37434767087141435,0.8139445512261274,0.6125530498969481
253,Hendrix College,Yes,3195,63,Low,-0.6461031505349132,1.3388902885586311,-2.094224254323986,-0.29845500836999117,-0.22919460395165178,-0.00765221982654528,1.572409762644023,-0.19811971386291968,0.47121122188858366,0.0525864084424925,0.878417484592369,0.6125530498969481
254,Hillsdale College,Yes,4700,79,Medium,-0.5367762845676507,0.6270233788095003,-1.186224667229641,0.284371863106661,-1.0385747644227592,-0.9606431574678058,-0.13569442115241218,-0.4886548043056184,0.7487430981377603,0.9565419713728482,0.4275575234921063,0.6125530498969481
255,Hiram College,Yes,4560,79,High,-0.534654271123458,0.7226458157909561,-0.12711259786288123,0.9337804705115145,-1.0385747644227592,-0.3812772017711419,1.1635803366973685,-0.8738990280930911,0.8951255085680089,0.8753278375046907,0.29756461234263887,0.6125530498969481
256,Hobart and William Smith Colleges,Yes,5841,79,High,0.4711942007308066,0.0762022459001068,-2.170690908036451,1.839137921443646,0.4496014388117548,-1.401605755600841,1.572409762644023,-0.46182603876526157,1.0294623131395182,1.0216659603108569,0.18538863667211378,0.6125530498969481
257,Hofstra University,Yes,5920,60,Medium,1.356833057915887,0.0762022459001068,0.936957070613668,0.4031364435832727,2.4385556153715937,-0.3812772017711419,0.6902976719925955,0.0072451478867492135,-0.9955858819980911,0.45348131137255326,0.2855543988990511,0.6125530498969481
258,Hollins College,Yes,5515,72,High,-0.9577117377063582,0.13799295441079087,-0.887426820060898,0.8113609204231897,-0.22919460395165178,-0.7100928488101279,0.7816568116943878,-0.7341609556836688,1.44475647114785,1.1596083388244993,0.5463250081516874,0.6125530498969481
259,Hood College,Yes,6040,72,High,-0.8079545962346019,0.6753287453312369,0.10702107462829208,0.9120938378169428,-0.6142542984789046,-1.1262705939718205,0.5124477851823425,0.1332649014169348,0.8951255085680089,0.922003971234935,0.4174558396557439,0.6125530498969481
260,Hope College,Yes,4341,72,Medium,0.05663802551392852,0.7226458157909561,-0.2972019675334943,0.555162960404343,-0.4949772347693771,-0.1865912067306211,-0.06009188335680806,-0.35536252385287187,1.1535860970634626,0.2504385953350901,0.8115858587319998,0.6125530498969481
261,Houghton College,Yes,3550,67,Low,-0.5064809912849542,0.36877700770497224,-1.426468867300415,0.015414767758353815,-0.22919460395165178,0.4565508868862356,0.6902976719925955,0.2822630870249353,0.34549454598816776,-0.0730277110130915,0.5531118472840987,0.6125530498969481
262,Huntingdon College,Yes,3920,44,Low,-0.9477196186556389,0.13799295441079087,-0.5910032316073229,-0.5021337567822787,-0.22919460395165178,-0.1865912067306211,-0.6870519494859656,-0.6514933665420357,-1.1512760702749985,-0.2378991607429542,0.7369295938302606,0.6125530498969481
263,Huntington College,Yes,3920,47,Low,-1.2541463701930455,-0.26378841421379556,-1.1741414143251223,0.005275697146182472,-2.048308048513365,0.15797762173098784,-0.42309620655881086,-0.5425747226939661,0.4095619963667674,0.29844229925250576,1.419147976191603,0.6125530498969481
264,Huron University,Yes,3090,21,Low,-0.9610662035097883,-2.4887995845903816,-0.9252445141562528,-0.7491942281329093,0.4496014388117548,0.8883383994642873,-2.1608178322808573,-0.2502164792374268,-2.2835393318336408,0.24104042973048634,-2.8474020296489657,0.6125530498969481
265,Husson College,Yes,4000,84,Low,-0.7743388082826717,-1.204141438433242,0.4831488152890439,-0.5845619581984871,-1.5119094043589478,0.4565508868862356,-1.9451356052056121,1.876973454820548,-2.2835393318336408,-1.6316540420110617,1.0534737073450047,0.6125530498969481
266,Illinois Benedictine College,Yes,4348,75,Medium,-0.9493776062444972,-0.12094221917214981,0.2776982439626945,0.14241187243179232,0.7526774067369609,0.4565508868862356,0.7816568116943878,-0.5968513856813776,0.643318740239679,-0.029063686328074535,1.1723578085846902,0.6125530498969481
267,Illinois College,Yes,3850,52,Low,-0.5648216285901037,0.25645415555414425,-1.3900837948934834,-0.5108746975091976,0.4496014388117548,-0.3812772017711419,-0.49125343790260845,0.428959798578832,0.696881263144984,-0.3693485130385776,0.9073273407307345,0.6125530498969481
268,Illinois Institute of Technology,Yes,4620,56,High,0.0803196565063149,0.9459121453121654,0.40210674959151166,1.030348429049473,-0.22919460395165178,-1.0977621252034493,0.5124477851823425,-0.4084259016153425,0.47121122188858366,0.991362164193523,0.18746962105306514,0.6125530498969481
269,Illinois State University,No,3403,54,Low,1.4869507939193296,-1.204141438433242,1.157300124938703,-0.5848598009901801,0.0346986031361213,1.638325285785923,0.17590711389826055,1.6627857007207911,-0.28448920152158647,-1.2134582313364337,0.1652740196779676,-1.6325116659989423
270,Illinois Wesleyan University,Yes,4090,83,High,0.5848755405025687,1.4457068812376728,-1.4860814376784814,0.992616053474845,-1.0385747644227592,-1.2442682363007727,0.8746535950171559,-0.2502164792374268,0.8951255085680089,0.33415609377671285,-2.0878125246233195,0.6125530498969481
271,Immaculata College,Yes,5364,69,Low,-1.797865186972373,-0.5849046607537622,0.9124968110445696,0.01794536678432941,-0.22919460395165178,-0.3812772017711419,-1.1477182127095475,-0.7065095991630397,0.8477740600370556,-0.38593651828889897,1.340746742658845,0.6125530498969481
272,Incarnate Word College,Yes,4689,95,Low,-0.3096630155647845,-0.5849046607537622,0.32313609642623964,-0.28746582809359006,1.3023649764046783,1.776787441027467,-0.8700943318940553,-0.6514933665420357,0.13667737956055104,-0.9245890040822201,0.3411270139892513,0.6125530498969481
273,Indiana State University,No,3706,40,Low,1.126213727686175,-1.204141438433242,1.2072212748790316,-0.8660535182544826,0.4496014388117548,1.5485627320659798,-0.42309620655881086,0.6686666659070805,-1.3233835886260938,-0.5097311210926857,0.642048216808413,-1.6325116659989423
274,Indiana University at Bloomington,No,3990,68,Low,2.0119006137631334,0.0762022459001068,1.4603202557412678,-0.041712170350209514,0.4496014388117548,1.0664517666812061,0.5124477851823425,1.7274507875050498,0.34549454598816776,0.08191777926240891,0.3501047378521804,-1.6325116659989423
275,Indiana Wesleyan University,Yes,3782,34,Low,-0.757977036549102,-0.26378841421379556,0.4841083661413634,-0.18733119622175182,1.0360807080301793,-0.3812772017711419,-1.7193887069886764,5.213212513282408,-0.3835201634208818,-0.6985862721728224,-1.1660322663162306,0.6125530498969481
276,Iona College,Yes,6790,66,Medium,1.0008405719802917,-0.8676768730139962,0.9867741645359952,0.1886873116865856,0.25701902020397904,-0.09532026038541022,0.09569733284866458,0.5255397634723626,-0.488944521318963,-0.09922859762023035,-0.17237995430517436,0.6125530498969481
277,Iowa State University,No,3224,65,Low,1.4622764189223332,0.13799295441079087,1.1119706790254353,-0.6598175891537096,0.6937277125323384,1.1246396100682525,0.5124477851823425,1.2669625914791949,0.20928980457225407,0.0010838209118292314,0.9118482155518141,-1.6325116659989423
278,Ithaca College,Yes,6192,75,High,1.3374967710857315,-0.053119072030679226,-0.43120597387557275,1.0053623407269026,0.6579715731871661,-0.3812772017711419,-0.2097844047463471,-0.624126161709994,0.4095619963667674,0.38588878025476164,0.0975052704350114,0.6125530498969481
279,James Madison University,No,4544,98,Low,1.6981400736744268,0.47565884296982563,0.5169452389445931,-0.5272485502066551,-0.22919460395165178,-1.0090033260638933,-0.06009188335680806,0.9720449849419154,0.643318740239679,-1.434690226242063,-1.8775675127115103,-1.6325116659989423
280,Jamestown College,Yes,3050,54,Low,-1.2050938203345263,-0.7684736752694479,-0.9098301087399319,-0.6385830315005431,-1.0385747644227592,-2.184436020520695,-1.644788026270866,0.7629678942848173,0.13667737956055104,-3.3525774242454838,0.8279504779719628,0.6125530498969481
281,Jersey City State College,No,4800,26,Low,0.5571094015963334,-1.204141438433242,0.960173363632457,-1.9961450864815593,-1.0385747644227592,0.4565508868862356,-0.9851988400469104,0.25759334859915667,-0.9955858819980911,-0.015494157094245453,-1.8073472917499656,-1.6325116659989423
282,John Brown University,Yes,3672,75,Low,-0.9527023898514447,0.012544204192919675,-0.7272538841097251,-1.0295573619161018,-1.0385747644227592,0.23641393781517522,-0.9283307329438812,-0.14633148248231934,-0.019012808716357025,-0.09560237440088658,-0.5272200988545818,0.6125530498969481
283,John Carroll University,Yes,5550,89,Medium,0.376268431044356,0.198039873680471,0.09569071633753559,0.42601925753919156,0.4496014388117548,-1.959451346902346,0.6902976719925955,0.15826329539749745,0.5879401964775927,-0.22544524127614798,0.8448444202640208,0.6125530498969481
284,Johns Hopkins University,Yes,6740,90,High,1.4669018009650439,2.0648660712522746,1.0464170386782827,1.8010243793763911,-0.22919460395165178,-0.30132919392117685,1.3645882269351624,-3.3682641278835614,1.0718935453228027,3.1081302760177363,-2.314630581478578,0.6125530498969481
285,Johnson State College,No,4690,36,Low,-0.6342094485939078,-2.4887995845903816,0.014517362745066074,-0.6277122745785018,-0.22919460395165178,-1.3246273911078608,0.7816568116943878,0.1332649014169348,-0.3835201634208818,-0.6976720146331047,0.38224499249865346,-1.6325116659989423
286,Judson College,Yes,4554,56,Low,-1.632868093361391,-1.204141438433242,-0.9410669533097699,-0.13324861736381077,-0.22919460395165178,0.7203062079932,-1.5654940694465738,-0.8738990280930911,0.696881263144984,-0.18964120311048566,-0.12579620169026018,0.6125530498969481
287,Juniata College,Yes,4460,80,High,-0.4506933604313157,0.6753287453312369,-1.1741414143251223,1.0892723159154067,-0.6142542984789046,-2.091477074135773,1.3645882269351624,-0.3026284436876267,1.0294623131395182,0.8579254784571196,0.7332781921928017,0.6125530498969481
288,Kansas State University,No,3120,54,Low,1.158970769893474,0.0762022459001068,1.3142637088373899,-0.832940647937206,0.4496014388117548,1.0664517666812061,0.3410143789166373,1.1091614423902687,0.20928980457225407,-0.91080182615383,-0.36664702724720666,-1.6325116659989423
289,Kansas Wesleyan University,Yes,3250,68,Low,-0.9797328219317016,-0.5849046607537622,-0.1663968709524967,-0.4101964618018937,-0.22919460395165178,0.312205196159577,-1.5654940694465738,-0.3818525909118409,-0.488944521318963,-0.710970959801083,1.5597877480467763,0.6125530498969481
290,Keene State College,No,4157,61,Low,0.6054687712860031,-1.9916231295773121,0.5475335506418706,-0.5637749949193025,-0.22919460395165178,-0.09532026038541022,-0.6232192944825511,0.5495374102901845,-0.601645107695158,-0.8739904057178196,0.2502935284824449,-1.6325116659989423
291,Kentucky Wesleyan College,Yes,4150,62,Low,-0.988341651424967,-0.26378841421379556,-0.6141072663851709,-0.5254906116708956,-0.22919460395165178,0.15797762173098784,-1.094880026424442,-0.678954128340758,0.7990089285165864,-0.4842230257759867,0.7081167043639434,0.6125530498969481
292,Kenyon College,Yes,3690,88,High,0.29376516797202296,1.0296888476949617,-2.7891541657307277,1.8739898195901716,1.3023649764046783,-1.8353370256838508,1.1635803366973685,-0.7341609556836688,1.3766836801623437,1.1752178457107034,-0.35119791795379873,0.6125530498969481
293,Keuka College,Yes,4550,51,Low,-1.2293061614043839,-1.204141438433242,-1.0460501389834254,-0.08460505394541436,0.4496014388117548,-0.9606431574678058,1.0656043502924986,-0.14633148248231934,1.2689406411191924,-0.1816668635077422,0.54103066925182,0.6125530498969481
294,King's College,Yes,5160,87,Medium,-0.09554990380801993,-0.26378841421379556,0.3050537513708809,0.2415992693540481,-1.0385747644227592,0.835658392443683,-0.6870519494859656,0.428959798578832,1.0294623131395182,-0.2572859473765598,-0.16130566699430954,0.6125530498969481
295,King College,Yes,3350,65,Low,-1.5003813704474789,0.5776799288914051,-1.1623087972167594,-0.33606554250392795,0.4496014388117548,1.9484367769578623,-0.9283307329438812,-0.8457496768946343,0.4095619963667674,0.15958778625126094,0.667595610487579,0.6125530498969481
296,Knox College,Yes,4062,79,High,-0.4174943155970002,1.1890885687490678,-1.465469585892367,1.26091931532111,-1.0385747644227592,-0.8317407990918481,1.1635803366973685,-0.3026284436876267,0.8477740600370556,1.050524258435085,0.4460420182607379,0.6125530498969481
297,La Roche College,Yes,4782,52,Low,-1.4828377687198893,-1.204141438433242,0.5845340400620089,-0.28691722734068825,0.4496014388117548,-0.1865912067306211,-0.6232192944825511,0.08306456383049592,-0.488944521318963,-0.4989918908026607,0.9677553622983834,0.6125530498969481
298,La Salle University,Yes,5610,84,Medium,0.5485658966797343,-0.26378841421379556,1.088776684463876,0.6264060545068411,-0.6142542984789046,2.063389389037746,0.6902976719925955,0.30686892312721886,-1.1512760702749985,0.19598482610707021,-0.8215500386640247,0.6125530498969481
299,Lafayette College,Yes,5740,92,High,0.8275444896739681,0.6753287453312369,-0.24713524716120863,1.7893131283006503,0.4496014388117548,-0.3812772017711419,1.2632379969775114,-0.9021518863751771,1.0718935453228027,1.3462127927726586,-1.0062308033942615,0.6125530498969481
300,LaGrange College,Yes,3585,75,Low,-1.0601969514929062,-0.6744109272506594,0.0467187499259945,-0.8355010027325965,1.3023649764046783,0.4565508868862356,0.09569733284866458,-0.35536252385287187,-0.7227012651918747,0.1912709949874045,-0.09163931486211319,0.6125530498969481
301,Lake Forest College,Yes,3970,77,High,-0.47616870268799644,0.4228593760746721,-1.5531623993304813,1.468780445571603,2.104899728685809,0.18968183158858262,1.0656043502924986,-0.8457496768946343,-0.019012808716357025,1.385220665538745,-0.6478662283278471,0.6125530498969481
302,Lakeland College,Yes,4005,57,Low,-1.1522456048172003,0.012544204192919675,1.2102917361080523,-0.13693542017306365,-0.22919460395165178,-0.3812772017711419,-1.094880026424442,0.8097944922590654,0.4095619963667674,-2.3498111466531006,1.1055702792912185,0.6125530498969481
303,Lamar University,No,3040,26,Low,0.34367262029983975,-1.204141438433242,1.7772331821266993,-1.6432434331586212,-0.1707283114860599,0.40421132387382247,0.017034841871698108,1.0864302146786269,-0.7227012651918747,-1.0383815588320413,-0.05772376724875687,-1.6325116659989423
304,Lambuth University,Yes,3430,60,Low,-0.6365758919898616,-0.6744109272506594,-0.02308831873479858,-1.475597945090811,0.4496014388117548,0.5790362131680266,-1.2983753500580535,0.5495374102901845,-0.9955858819980911,-1.2359551504696584,-0.6769299653666755,0.6125530498969481
305,Lander University,No,2987,51,Low,-0.30718818103579537,-1.3330274833513371,0.0071562987984646114,-1.5674959760606655,-0.02799833038069919,0.7227955342089982,-0.3534735225728778,0.7629678942848173,-0.8534518760234878,-0.9123291000187369,0.8055543444726024,-1.6325116659989423
306,Lawrence University,Yes,3891,77,High,-0.2459044384084989,1.2651043449994013,-0.887426820060898,1.5192604133823404,-0.04910428901620779,-0.43276208241176123,0.8746535950171559,-1.0162263078285307,1.720203458036234,1.1607499668007486,0.10161773560886084,0.6125530498969481
307,Le Moyne College,Yes,4840,94,Medium,-0.0865084134595878,-0.19109950858549554,0.3255137691295414,0.2725366178899375,-1.0385747644227592,-0.5948985251698026,0.8746535950171559,-0.14633148248231934,0.5879401964775927,-0.09560237440088658,0.4674437938363918,0.6125530498969481
308,Lebanon Valley College,Yes,4755,85,High,-0.1422023878380539,0.25645415555414425,0.25583455751090833,0.889685031458371,-1.0385747644227592,-0.14048620591693523,0.17590711389826055,-0.4084259016153425,0.696881263144984,-0.07010481753840503,0.12150977028102074,0.6125530498969481
309,Lehigh University,Yes,5580,91,High,1.2307082788860353,0.8591123720558881,-0.5643449338659919,1.7842852180989535,1.3023649764046783,-0.13137917435120042,1.572409762644023,-0.35536252385287187,1.2689406411191924,1.2568956011837873,-0.5041338296779814,0.6125530498969481
310,Lenoir-Rhyne College,Yes,4000,66,Medium,-0.47616870268799644,0.0762022459001068,-0.43120597387557275,0.04316040253595514,-1.0385747644227592,-0.3812772017711419,0.8746535950171559,-0.4886548043056184,0.060686441260878146,0.0377263620869633,0.08169544466493703,0.6125530498969481
311,Lesley College,Yes,5300,58,Medium,-1.898503287656722,-0.9727316677869279,-0.002155248563959933,0.42601925753919156,0.12366360001576766,-0.8192639038811085,0.5124477851823425,3.051677992324255,-0.10280094841912382,0.08428964113923415,0.43907245465945055,0.6125530498969481
312,LeTourneau University,Yes,4240,56,Low,-1.1942875885457886,0.31333619614396924,-0.8658275684892792,-0.28746582809359006,0.4496014388117548,0.312205196159577,-0.8104772611976783,1.619475857844108,0.2788113855351543,-0.5656447474459858,0.8658376824716167,0.6125530498969481
313,Lewis and Clark College,Yes,4790,69,High,0.49962859239283264,0.6270233788095003,-1.0089401426438156,1.2708579877093602,-0.6142542984789046,-0.48548409267976533,1.467641878959388,-0.4084259016153425,0.13667737956055104,1.0151498771802874,0.04909848784711079,0.6125530498969481
314,Lewis University,Yes,4520,61,Medium,-0.317128814435353,-0.9727316677869279,0.975116558537025,0.15708417435259223,-0.22919460395165178,-0.00765221982654528,-1.8227310098814986,0.10819887684225507,-0.9955858819980911,-0.23861344905688844,1.1084404555761647,0.6125530498969481
315,Lincoln Memorial University,Yes,2890,53,Low,-0.6902417843019264,-0.19109950858549554,0.3792880943109694,-1.1851715291003122,0.4496014388117548,0.15797762173098784,-0.6870519494859656,0.18319470580243497,0.9411429344911897,-1.4576384330448546,-0.223275195743967,0.6125530498969481
316,Lincoln University,No,3400,45,Low,0.027794170542253215,-0.6744109272506594,-1.3084587620708028,-1.6161459436838905,-1.5119094043589478,0.312205196159577,-0.6870519494859656,-0.32895477682173185,-1.3233835886260938,0.6349582592619286,-0.6101575587237623,-1.6325116659989423
317,Lindenwood College,Yes,4800,100,Low,-0.6617988572958567,-1.7978331880954055,-0.34821085385716494,-0.19000244986894196,2.4385556153715937,2.7007350625834547,0.257675656251106,2.314810128540818,-1.1512760702749985,-2.9699278841050725,-1.0162412604854265,0.6125530498969481
318,Linfield College,Yes,4210,81,High,-0.02990155631349654,1.1890885687490678,0.6019717972126887,0.7925984055207707,-0.22919460395165178,-0.5948985251698026,0.7816568116943878,0.9490194931800559,0.8951255085680089,0.0999186336732725,0.09606812787834532,0.6125530498969481
319,Livingstone College,Yes,3400,92,Low,-0.558272664481948,-0.12094221917214981,-1.8298731617089103,-1.7921050607552147,1.5536080298286021,-0.5948985251698026,0.9692990979140862,-0.9305096236198228,-0.28448920152158647,0.24614908350613338,-1.5058384759967054,0.6125530498969481
320,Lock Haven University of Pennsylvania,No,3620,63,Low,0.7250671282097552,-0.4994689411839058,-0.02308831873479858,-0.7205902212326218,-3.021319039710189,-1.7565250579131289,-1.5654940694465738,0.5495374102901845,-0.488944521318963,-0.7864932022861214,-0.8603509439447266,-1.6325116659989423
321,Longwood College,No,3962,62,Low,0.4908045494124071,-0.9727316677869279,-0.6283861383961887,-0.5490014173684453,0.12366360001576766,1.2713984993834933,-0.13569442115241218,1.0864302146786269,0.2788113855351543,-1.2229016753402149,-0.4502103704245131,-1.6325116659989423
322,Loras College,Yes,4000,70,Medium,0.017012522122772638,-0.26378841421379556,-0.41720017238409535,0.31028655778176334,-0.22919460395165178,-0.00765221982654528,-1.2494530951634284,0.08306456383049592,0.34549454598816776,-0.28309959435548715,0.23748600324476013,0.6125530498969481
323,Louisiana College,Yes,3036,59,Low,0.2070377668324229,0.5272445442404737,-0.460154708529725,-1.4834121531104862,-0.22919460395165178,0.6635672183793242,-0.5579571392876599,-0.9021518863751771,-0.8534518760234878,-0.2944876556604012,-1.522542900757448,0.6125530498969481
324,Louisiana State University at Baton Rouge,No,2980,37,Low,1.1756399776950162,0.31333619614396924,1.7153704089318047,-1.1940789404902221,0.4496014388117548,1.3122353651674312,0.42593464953116233,0.5014836937996885,-0.8534518760234878,-0.6184238503686845,0.5835967475096299,-1.6325116659989423
325,Louisiana Tech University,No,2325,45,Low,0.36719084457996465,-0.12094221917214981,1.1568916363031039,-1.9910237931069656,0.5611600805289096,0.6648435231047272,-0.3534735225728778,1.4445910781228577,-0.601645107695158,-1.9171361761020584,1.0034995244474834,-1.6325116659989423
326,Loyola College,Yes,6300,80,Medium,0.8418690104731901,0.0762022459001068,-0.37041286417202823,0.7103218447492514,0.4496014388117548,-0.5948985251698026,0.5124477851823425,0.20805976907672355,0.5306181538634841,0.2937583083822021,0.1544078451544627,0.6125530498969481
327,Loyola Marymount University,Yes,5916,84,High,0.7727685615890184,0.9459121453121654,0.1640893098339927,0.8366635243852354,0.08966532219506147,0.20223912345971132,0.5124477851823425,0.08306456383049592,-0.9955858819980911,0.7864518491610133,-0.27516723941048915,0.6125530498969481
328,Loyola University,Yes,5870,53,Medium,0.14919128560094136,0.012544204192919675,0.5341906841493284,0.28673470342701624,0.4496014388117548,-0.9606431574678058,0.5124477851823425,-0.5696679334896112,-0.488944521318963,0.29584177984519083,1.0272136927551896,0.6125530498969481
329,Loyola University Chicago,Yes,5330,65,Medium,0.7272963270741726,0.0762022459001068,1.639873100228856,0.38012366666359754,1.0360807080301793,1.0664517666812061,1.1635803366973685,-2.2409079654390465,-0.3835201634208818,1.016742085998399,0.5430920716827448,0.6125530498969481
330,Luther College,Yes,3560,77,High,-0.03716058612695572,0.7690207208177241,-0.8117346098511217,0.7632467647761071,0.4496014388117548,-2.184436020520695,0.257675656251106,-0.01816912301826551,1.0718935453228027,0.15817163376036966,1.0320207888312147,0.6125530498969481
331,Lycoming College,Yes,4300,72,High,-0.21342887018169526,-0.5849046607537622,-0.887426820060898,0.8998852924398952,-0.22919460395165178,-0.5948985251698026,-0.06009188335680806,0.03258838544133442,0.7990089285165864,-0.12683687517034203,0.23512329646065694,0.6125530498969481
332,Lynchburg College,Yes,5400,70,Medium,0.0803196565063149,-2.4887995845903816,-0.11597494630920381,0.5936765164083416,-0.6142542984789046,-0.6632809494242868,-1.0407110988557453,-0.3818525909118409,0.34549454598816776,0.12468138665970924,0.7297937500279595,0.6125530498969481
333,Lyndon State College,No,4640,51,Low,-1.0771458379492977,-1.7978331880954055,-0.490455822865068,-0.7305126305099062,-0.22919460395165178,-1.401605755600841,-1.094880026424442,-0.32895477682173185,-0.3835201634208818,-0.46147871894799897,1.3018914012771496,-1.6325116659989423
334,Macalester College,Yes,4772,77,High,0.551627167914313,1.4803479884652577,-0.6529279200826898,1.2912292689885554,-0.22919460395165178,-1.0977621252034493,0.7816568116943878,-0.51557069273364,1.0294623131395182,1.1956475168053686,-1.6183408233154262,0.6125530498969481
335,MacMurray College,Yes,3750,59,Low,-0.7512440275450151,-0.9727316677869279,-0.9740319705249554,-0.07941154917988662,0.12366360001576766,-0.48548409267976533,-1.5654940694465738,-0.8177024914772074,0.8477740600370556,0.5775159700153635,0.04847550645324447,0.6125530498969481
336,Malone College,Yes,3700,55,Low,-0.5869970398481827,-0.19109950858549554,-0.19555710302836507,-0.01814621506042256,-0.6142542984789046,-0.00765221982654528,-1.9161399642376822,0.9028169700855423,-0.28448920152158647,-1.7239502873919132,0.8186505180705277,0.6125530498969481
337,Manchester College,Yes,3850,64,Medium,-0.4516600456628634,-0.053119072030679226,-1.085677159518967,0.12768438698895648,-0.04910428901620779,0.3855304303319012,-0.6870519494859656,-0.5425747226939661,0.060686441260878146,-0.1552298965787334,0.3528831103630511,0.6125530498969481
338,Manhattan College,Yes,6800,79,Medium,0.3803967803277884,-0.26378841421379556,-0.1759785887741626,0.5761147458728343,-0.22919460395165178,0.8415717373961827,0.8746535950171559,-0.06921364143108526,0.4095619963667674,0.44616760207490513,-0.24201897779794065,0.6125530498969481
339,Manhattanville College,Yes,6550,70,High,-0.4932212354385984,-0.19109950858549554,-0.490455822865068,1.0599091241292742,-0.6142542984789046,-2.184436020520695,1.3645882269351624,-0.678954128340758,0.34549454598816776,0.7119907719024499,0.22242190379365073,0.6125530498969481
340,Mankato State University,No,2643,68,Low,0.5916024099162783,-1.3330274833513371,1.1445420441442988,-1.8358154428499398,-0.6142542984789046,0.6699416162275265,-0.9283307329438812,1.2221083447673498,-0.8534518760234878,-1.081071624533823,0.8338314400762042,-1.6325116659989423
341,Marian College of Fond du Lac,Yes,3400,59,Low,-0.6449068227399245,-0.6744109272506594,0.43045216020189203,-0.13693542017306365,-0.22919460395165178,-0.1865912067306211,-2.1196483779539492,-1.522121468807633,0.13667737956055104,-1.3452225459392255,0.45016962388868464,0.6125530498969481
342,Marietta College,Yes,3920,96,High,-0.00028678821273812264,0.198039873680471,-0.29145025136329755,0.889685031458371,-0.4559627311617416,-0.8068585571916935,1.3645882269351624,-0.17218743851993387,0.696881263144984,0.4837783977991575,-1.0273133440888897,0.6125530498969481
343,Marist College,Yes,5925,69,Medium,0.9718457680889694,-0.9727316677869279,0.4355850726742026,0.19110784129153258,0.12366360001576766,-0.00765221982654528,-0.06009188335680806,0.9028169700855423,0.8951255085680089,-0.002655564812614964,-0.5215163772156444,0.6125530498969481
344,Marquette University,Yes,4760,77,Medium,1.0455687360586756,0.6753287453312369,0.5718300632983055,0.4054305426989829,0.4496014388117548,1.012253425045661,1.0656043502924986,-0.0948453587869114,0.4095619963667674,0.4271318946438388,0.9926549349902808,0.6125530498969481
345,Marshall University,Yes,4010,50,Low,0.8735199901734563,-0.7684736752694479,1.345160838897666,-1.5053985439238688,1.0360807080301793,0.5389373745851054,0.3410143789166373,0.6686666659070805,-0.9955858819980911,-0.8699969464508732,0.8200796627578476,0.6125530498969481
346,Mary Baldwin College,Yes,7400,90,Medium,-1.148141582351622,0.13799295441079087,0.07078414185244981,0.31028655778176334,0.4496014388117548,0.15797762173098784,-0.2097844047463471,-2.0362031548706714,1.5101056089930909,0.6154223597226229,0.930824749797983,0.6125530498969481
347,Mary Washington College,No,4942,84,Low,0.8987879679441585,0.814496291254933,0.5114165899760815,-0.9984940856865026,0.7526774067369609,1.1732322498844137,-0.13569442115241218,0.9028169700855423,0.696881263144984,-1.3414689669260444,-1.674983642838923,-1.6325116659989423
348,Marymount College Tarrytown,Yes,6450,77,Medium,-1.1921409266353036,-1.3330274833513371,0.05885402780243411,0.38243084587087867,0.2897201272175074,-0.23367680838973293,0.9692990979140862,-0.9589736432806002,0.696881263144984,0.546837886003008,-0.4273696948026918,0.6125530498969481
349,Marymount Manhattan College,Yes,7000,68,Medium,-0.813677452142824,-0.19109950858549554,0.5554281226120914,0.0682119575465412,-1.5119094043589478,-0.1865912067306211,-0.42309620655881086,-0.5696679334896112,0.060686441260878146,0.5731715961484292,0.15547639905598495,0.6125530498969481
350,Marymount University,Yes,5280,55,Medium,-0.5147380558031098,-1.204141438433242,0.5475335506418706,0.35465726220113725,-0.22919460395165178,-0.9606431574678058,0.017034841871698108,-0.8738990280930911,-0.1911203270674524,0.04865671384071873,0.4998061651063757,0.6125530498969481
351,Maryville College,Yes,4208,51,Medium,-0.09037197783414201,0.13799295441079087,-0.5819923517098768,0.31028655778176334,-0.22919460395165178,0.6469099571401864,0.6902976719925955,-0.7341609556836688,1.2689406411191924,-0.031282915310162716,-0.9548402655980351,0.6125530498969481
352,Maryville University,Yes,4550,61,Low,-1.0509103946993716,0.13799295441079087,1.1273594474557251,-0.17666519467420252,-0.8209747620312198,0.23641393781517522,-1.4375163915219222,-0.19811971386291968,-0.601645107695158,-1.0136125893861319,-0.1618588069626659,0.6125530498969481
353,Marywood College,Yes,4500,66,Medium,-0.3571599045088498,-0.8676768730139962,0.11182218825857164,0.2725366178899375,0.4496014388117548,-1.0977621252034493,-0.42309620655881086,-0.5425747226939661,0.696881263144984,0.18208158879139494,0.19756165091474817,0.6125530498969481
354,Massachusetts Institute of Technology,Yes,5975,94,High,1.2325633952788007,2.5940317741350425,-1.3900837948934834,2.013498974853426,1.1712232061898495,0.5922469197789696,1.572409762644023,-1.0162263078285307,0.9411429344911897,2.5500030065457824,-2.810207454887759,0.6125530498969481
355,Mayville State University,No,2516,51,Low,-1.9482385901277652,-1.9916231295773121,-1.0179999910485698,-1.7550331807304493,0.4496014388117548,0.9567527520585001,-0.9283307329438812,0.4531942340637841,-0.8534518760234878,-0.5201155153615293,1.7214721572963374,-1.6325116659989423
356,McKendree College,Yes,3740,52,Low,-0.4535965186073899,-0.5849046607537622,0.4617226346191594,-0.6204837466933625,-0.22919460395165178,-0.8317407990918481,-0.5579571392876599,0.9259436201670278,0.13667737956055104,-0.6578652682482463,-1.3130841814869652,0.6125530498969481
357,McMurry University,Yes,3452,32,Low,-0.9987772257402134,0.0762022459001068,0.22243802574620336,-0.8537995141224844,-1.0385747644227592,0.49124292155173477,-1.1477182127095475,-0.7619093999483368,-0.8534518760234878,-0.7821940639937404,-0.24389654599266006,0.6125530498969481
358,McPherson College,Yes,3750,48,Low,-1.3253506687769654,-1.0845174670653988,-0.8449738010651707,-0.5401666615228501,0.4496014388117548,1.7489351583523889,-1.6057345224000523,-1.1029394439418763,1.341553066130896,0.3715645121769691,-0.3354120034340899,0.6125530498969481
359,Mercer University,Yes,4081,91,Medium,0.3238986748372393,0.7226458157909561,0.8872642803522209,0.49053837892447627,-1.0385747644227592,0.4565508868862356,1.1635803366973685,-1.2795288599936452,-0.3835201634208818,0.17115440621964834,-0.11746823564387977,0.6125530498969481
360,Mercyhurst College,Yes,4050,78,Low,-0.032314561664763077,-0.6744109272506594,0.1596281147257215,-0.029654905580427014,-0.8209747620312198,-0.3812772017711419,-1.199238322126377,0.6923240937679698,0.643318740239679,-0.3851616460014948,-0.38868072526994696,0.6125530498969481
361,Meredith College,Yes,3250,82,Low,-0.6062784637407719,0.0762022459001068,0.21280435404039477,-0.9220812277039359,-0.6142542984789046,0.4843468549194817,0.017034841871698108,0.0072451478867492135,0.8477740600370556,-0.5579800636071406,1.0467988826606254,0.6125530498969481
362,Merrimack College,Yes,6200,80,Medium,0.19223640522195237,-0.4176946998854469,0.7800662444554314,0.6046150057754331,-1.2683636764663306,-0.3812772017711419,-0.49125343790260845,0.7159264724323379,0.20928980457225407,0.08813674575462224,0.21061431129084868,0.6125530498969481
363,Mesa State College,No,3798,59,Low,-0.016154254822692553,-1.7978331880954055,0.6581529004723543,-1.53628866084698,0.05539420530459683,1.3256903474991266,-1.8227310098814986,3.2441438325168166,-0.7227012651918747,-2.5320415740749542,1.1717918280150017,-1.6325116659989423
364,Messiah College,Yes,5080,89,Medium,0.07285429708143376,0.36877700770497224,-1.0655266664461287,0.09310267904364676,-0.41730816701513435,-0.00765221982654528,-0.49125343790260845,0.05786129345554121,0.696881263144984,-0.2169555105177333,0.3157167801732887,0.6125530498969481
365,Miami University at Oxford,No,3960,85,Low,1.5385405048171203,0.6270233788095003,0.5743878482457951,-0.2830793027641172,-0.22919460395165178,0.285213372654697,0.6005650532112241,0.9028169700855423,0.060686441260878146,-0.18755746504195145,0.6531607921467731,-1.6325116659989423
366,Michigan State University,No,3734,71,Medium,2.0814087245310544,-0.053119072030679226,1.7894598445809418,0.18093160634185929,-0.19986039048010176,-1.401605755600841,1.1635803366973685,0.03258838544133442,-1.1512760702749985,0.5508174598983943,0.588132005042997,-1.6325116659989423
367,Michigan Technological University,No,3978,65,Low,0.44731983648628065,0.9459121453121654,0.13070930320260582,-0.4884823808240126,2.0175449906937217,-0.00765221982654528,0.017034841871698108,0.7629678942848173,0.4095619963667674,-0.3219660797371713,0.8640401310539175,-1.6325116659989423
368,MidAmerica Nazarene College,Yes,3720,49,Low,-1.5738845470875884,-0.6744109272506594,-0.43120597387557275,-0.882894295265492,2.824358271392033,3.0577741497916104,-2.1983538567064675,0.38030884250552316,0.060686441260878146,-1.2401253356462332,1.7214721572963374,0.6125530498969481
369,Millersville University of Penn.,No,3830,71,Low,1.1777701862323608,-0.12094221917214981,1.0289323140850857,-0.5714816336528201,-0.6142542984789046,0.08990169471617632,-0.5579571392876599,0.7159264724323379,0.060686441260878146,-0.19242334963797758,-1.6010258303560954,-1.6325116659989423
370,Milligan College,Yes,3300,64,Low,-0.9444124019590645,0.13799295441079087,-1.1065527913653308,-0.4673816430927018,0.12366360001576766,-0.3812772017711419,-0.8700943318940553,-0.4886548043056184,-0.28448920152158647,-0.09231237800898369,0.05992819474941463,0.6125530498969481
371,Millikin University,Yes,4378,75,Medium,-0.10337429751099728,0.31333619614396924,-0.7502317576043802,0.4736582518579127,-0.6142542984789046,-0.45369898369786654,-0.3534735225728778,-0.6514933665420357,0.4095619963667674,-0.08542366411713397,0.8594085730174283,0.6125530498969481
372,Millsaps College,Yes,4402,58,Medium,-0.5528508724705763,0.47565884296982563,-0.38674238750608836,0.33836713915681804,0.12366360001576766,0.23641393781517522,0.6005650532112241,-0.3026284436876267,1.0718935453228027,0.6974659964935378,1.1878115171694712,0.6125530498969481
373,Milwaukee School of Engineering,Yes,3255,67,Medium,-0.26613095122405644,0.6753287453312369,0.637269248891864,0.38127742094515893,2.4385556153715937,1.1454418178263652,-1.886083615874445,0.6923240937679698,0.2788113855351543,-0.45101249528199683,1.0004401641521368,0.6125530498969481
374,Mississippi College,Yes,2830,61,Low,-0.9712020358050999,0.6753287453312369,0.4974152084115516,-1.3196045030486938,0.4496014388117548,-1.0977621252034493,-0.2097844047463471,0.644953727665646,-0.10280094841912382,-0.8865214022492935,-0.6719276097828123,0.6125530498969481
375,Mississippi State University,No,3084,53,Low,0.879500039435314,-0.4176946998854469,1.0703723111886716,-0.016103840906315604,-0.37900648471193393,0.4269933387118203,-0.3534735225728778,0.5014836937996885,0.060686441260878146,-0.8600479604831236,0.1579836484338965,-1.6325116659989423
376,Mississippi University for Women,No,2217,63,Low,-1.1878620189628883,-0.33923404372499044,0.7330114910364506,-1.7981849544271415,0.4496014388117548,0.4565508868862356,-1.6057345224000523,0.47736869024981177,-1.3233835886260938,-1.135412102655234,0.6586137081000044,-1.6325116659989423
377,Missouri Southern State College,No,2852,100,Low,-0.020911496682942957,-0.8676768730139962,1.298552701911597,-2.0459833289481515,-3.409405941609676,-2.184436020520695,-1.6057345224000523,1.5104862816404498,-1.1512760702749985,-2.2388964552218513,0.6424280464371165,-1.6325116659989423
378,Missouri Valley College,Yes,5050,27,Low,-0.19580567781889419,-1.9916231295773121,-0.4001047041054972,-0.3678919688749014,-1.0385747644227592,-0.5948985251698026,-0.9851988400469104,0.8564097284492168,-0.28448920152158647,-2.0951376739895844,0.023494934030623405,0.6125530498969481
379,Monmouth College IL,Yes,4100,56,Medium,-0.9593874737028965,0.25645415555414425,-1.8298731617089103,0.7124516289319571,-1.0385747644227592,-1.917250244331937,0.7816568116943878,-0.5968513856813776,1.2689406411191924,0.6710319849315438,0.6122794462548401,0.6125530498969481
380,Monmouth College,Yes,5290,54,Medium,0.47755939224291527,-0.7684736752694479,0.6076971359324967,0.6002430654648439,-0.013985659609939818,0.7695852834024015,0.257675656251106,0.08306456383049592,-0.3835201634208818,0.3051838641850151,-0.35414472701525984,0.6125530498969481
381,Montana College of Mineral Sci. & Tech.,No,3400,74,Low,-1.0093296631551842,1.0705183742130722,0.13380907960697722,-1.1417014290104022,0.12366360001576766,0.312205196159577,-0.7494672137091747,0.6211848111741397,0.7487430981377603,-0.915897234465162,1.388492727058605,-1.6325116659989423
382,Montana State University,No,3710,37,Low,0.7075203691427382,-0.6744109272506594,0.7183237382392703,-1.330013380726035,0.12366360001576766,1.3674797929567895,0.09569733284866458,0.9028169700855423,-1.3233835886260938,-0.8105489177654847,0.43097979566641265,-1.6325116659989423
383,Montclair State University,No,4834,58,Low,1.05686784912047,-0.33923404372499044,1.58461469290177,-2.138608624880804,1.0360807080301793,-0.48548409267976533,0.42593464953116233,1.77036409877175,-1.1512760702749985,-0.6289803295053167,-2.3077794288064197,-1.6325116659989423
384,Montreat-Anderson College,Yes,3372,15,Low,-1.8180119564571466,-1.204141438433242,-1.5531623993304813,-0.3994326884737653,-0.22919460395165178,1.917321426704881,-1.7549633934685398,-0.7341609556836688,-2.2835393318336408,0.8439180686922494,0.6869027162535193,0.6125530498969481
385,Moorhead State University,No,2664,60,Low,0.3841324796354721,-0.9727316677869279,0.7741724525366297,-1.780847460999344,0.4496014388117548,-0.3812772017711419,-0.06009188335680806,1.0179463816947254,-0.019012808716357025,-1.7246919599681294,0.9470914231398609,-1.6325116659989423
386,Moravian College,Yes,4730,74,High,-0.254405895044604,-0.053119072030679226,0.23329315280482502,1.1165026775542388,0.12366360001576766,0.07669669114387123,0.8746535950171559,0.33141144399481565,0.5879401964775927,0.32421649717568696,0.19206025897226356,0.6125530498969481
387,Morehouse College,Yes,5490,83,Low,0.7586031155182664,0.9029060992795954,-0.4789259625698108,-0.8153900716461202,-2.669140354284214,-1.401605755600841,-0.5579571392876599,0.9490194931800559,-0.9955858819980911,-0.09428562614262206,-2.0025453648068874,0.6125530498969481
388,Morningside College,Yes,3678,56,Medium,-0.9848886661914764,-0.5849046607537622,-0.24179621121322817,0.147308745471575,-0.22919460395165178,-0.3812772017711419,-0.9283307329438812,-0.22412911897517035,0.7990089285165864,-0.09790909341638741,1.1062476078639207,0.6125530498969481
389,Morris College,Yes,2550,60,Low,-0.5780621872609623,-2.8396721073260265,-1.790608974018603,-1.7426375422051705,1.7915241613760515,1.17118506706147,-1.3460179845367914,1.131844917204875,0.8951255085680089,-0.5122181507520216,0.5491947203596109,0.6125530498969481
390,Mount Holyoke College,Yes,5700,84,High,0.1033730990116357,1.1501937769220463,-1.2111897817628978,1.8838544256866505,1.3023649764046783,-0.9606431574678058,0.7816568116943878,-1.3393806834015396,1.5418252579254095,1.6671874383742376,-0.11514724291492597,0.6125530498969481
391,Mount Marty College,Yes,2980,44,Low,-1.7549265793613267,-0.4994689411839058,0.16260532684295667,-0.8815958708025664,-0.22919460395165178,-1.7565250579131289,-1.5654940694465738,-0.5696679334896112,1.0718935453228027,-1.5272630165548418,1.6483292102548692,0.6125530498969481
392,Mount Mary College,Yes,3119,78,Low,-1.9390108811563007,-0.9727316677869279,0.23598171116389016,-0.2574130404925577,0.12366360001576766,-0.14048620591693523,-1.7193887069886764,-0.8457496768946343,0.47121122188858366,-0.5014647257944018,1.2004453770945605,0.6125530498969481
393,Mount Mercy College,Yes,3555,64,Medium,-1.4627613637733385,-0.26378841421379556,0.3062732108679773,0.14241187243179232,-0.22919460395165178,1.3533171893445117,-1.7549633934685398,-0.678954128340758,0.696881263144984,-0.6387083356341265,0.7787629240961116,0.6125530498969481
394,Mount Saint Clare College,Yes,3650,21,Low,-1.5931551764561331,-0.5849046607537622,-0.7926275114108621,-0.007435867506013141,-0.22919460395165178,-0.00765221982654528,-2.1196483779539492,-0.06921364143108526,1.2689406411191924,-0.715577928502008,0.8633365970836673,0.6125530498969481
395,Mount Saint Mary's College,Yes,6200,80,Medium,-0.18784379648640578,-0.6744109272506594,-0.8518455715140614,0.680391112000398,0.12366360001576766,-0.5948985251698026,0.017034841871698108,-0.27638263533977814,0.9858994490492295,0.036812291301574304,0.8872771231352794,0.6125530498969481
396,Mount Saint Mary College,Yes,4600,88,Low,-0.30389900650977747,-0.7684736752694479,0.15363632488925247,-0.684244631036642,-2.669140354284214,0.312205196159577,-0.49125343790260845,0.35589122750062596,0.2788113855351543,-0.5507695367468025,-1.04014295856422,0.6125530498969481
397,Mount St. Mary's College,Yes,5678,72,Medium,-0.8698747126236693,0.7226458157909561,0.20724118805424385,0.5989305859128774,0.6339700077405098,0.12257708758584071,-0.7494672137091747,-0.51557069273364,-0.019012808716357025,0.5712125094579298,0.4790440157700305,0.6125530498969481
398,Mount Union College,Yes,3530,81,Medium,-0.19580567781889419,0.13799295441079087,-0.514152903346714,0.549631638234379,-1.0385747644227592,-0.09532026038541022,0.42593464953116233,0.6923240937679698,0.9411429344911897,-0.42114799828732835,0.5583317964048392,0.6125530498969481
399,Mount Vernon Nazarene College,Yes,3346,58,Low,-1.1258803468589627,-0.4176946998854469,-0.7561123349498994,-0.7057596657603671,0.4496014388117548,-1.401605755600841,-1.481398373568703,1.400447170935885,-1.515783424979524,-0.563086411040598,1.3880263693131738,0.6125530498969481
400,Muhlenberg College,Yes,4565,83,High,0.4123590373836641,0.36877700770497224,0.027216111812373624,1.4857875891230325,0.4496014388117548,-0.7100928488101279,0.3410143789166373,-0.27638263533977814,1.113250452842285,0.6299413831865992,-0.12289737550517488,0.6125530498969481
401,Murray State University,No,3110,52,Low,0.2991364833453467,0.31333619614396924,0.6910194270697846,-1.6490231242923847,1.0360807080301793,-0.5069333484443375,-0.42309620655881086,1.4885635747884418,0.5306181538634841,-0.9886096335545532,0.7584507489458626,-1.6325116659989423
402,Muskingum College,Yes,3914,73,High,-0.35541959601246065,0.012544204192919675,-0.9174876980877467,0.7632467647761071,0.4496014388117548,-0.8317407990918481,0.257675656251106,-0.12055104982346956,0.5306181538634841,0.26350460425082795,0.5744667542321615,0.6125530498969481
403,National-Louis University,Yes,4500,71,Low,-1.1198984330443555,-0.053119072030679226,0.25974086292725906,-0.2195129401839034,0.7526774067369609,-1.7565250579131289,-1.094880026424442,1.0636508731902286,-3.1179783991407715,-0.16719745956238327,-0.4796600384662045,0.6125530498969481
404,Nazareth College of Rochester,Yes,5150,61,Medium,-0.5085382375766295,0.6753287453312369,0.21418847727937598,0.22723878076167187,0.12366360001576766,-0.8317407990918481,0.9692990979140862,-0.06921364143108526,0.34549454598816776,0.11452965754141407,0.6512062468912446,0.6125530498969481
405,New Jersey Institute of Technology,No,5376,72,Low,0.14328635277136367,0.198039873680471,1.081643693841069,-0.2896610468605486,1.0360807080301793,0.8998829173504327,1.467641878959388,-0.0948453587869114,-0.019012808716357025,0.9381177434833587,-0.678698663155967,-1.6325116659989423
406,New Mexico Institute of Mining and Tech.,No,3214,34,Low,-0.6902417843019264,0.8591123720558881,0.12603424105220862,-1.3962434821077572,0.4496014388117548,-0.1865912067306211,1.6789026453905742,-0.043655143285562414,-0.8534518760234878,0.2388845723764035,0.11381434544968615,-1.6325116659989423
407,New York University,Yes,7262,71,High,1.8531923324207478,1.9228546444162873,1.4875334508014406,1.6219016350503508,-0.6142542984789046,-0.3812772017711419,1.467641878959388,-1.7100169908089118,-0.28448920152158647,1.90690213228881,-1.4560007995477826,0.6125530498969481
408,Newberry College,Yes,2600,83,Medium,-0.5892444638969397,-0.7684736752694479,-1.2646921583279367,0.0667134257941399,-0.22919460395165178,0.4565508868862356,-1.199238322126377,-0.6514933665420357,0.7990089285165864,-1.0882727843290105,0.5513527636856955,0.6125530498969481
409,Niagara University,Yes,4762,65,Medium,0.2970745868425805,1.7730824130587486,-0.005914869171841524,0.09806175145793482,-0.6142542984789046,-1.2442682363007727,1.6789026453905742,0.08306456383049592,0.060686441260878146,-0.20780387195291627,0.42229527092734204,0.6125530498969481
410,North Adams State College,No,4330,57,Low,-0.02869753985857797,-3.3612688093227097,-0.5471730267600207,-1.3337391935206093,-0.22919460395165178,-0.3812772017711419,-0.7494672137091747,0.08306456383049592,-0.1911203270674524,-0.6985862721728224,-0.7069859961073378,-1.6325116659989423
411,North Carolina A. & T. State University,No,1780,44,Low,0.986022968231856,-0.9727316677869279,0.6270083601755233,-0.8939510962294314,0.4496014388117548,0.6584548487864347,-0.6870519494859656,0.6923240937679698,-1.1512760702749985,-0.47119234849744956,-0.711454814787928,-1.6325116659989423
412,North Carolina State University at Raleigh,No,6540,62,Low,1.6541376960742729,0.814496291254933,2.0230721218799204,-0.4101964618018937,0.4496014388117548,0.15797762173098784,1.467641878959388,0.8796391417393978,0.13667737956055104,0.35058450733723695,-0.5621642774636598,-1.6325116659989423
413,North Carolina Wesleyan College,Yes,4230,52,Low,-0.6593666169243511,-1.6267810138219474,-0.8182388420878751,-0.4552973717633611,0.4496014388117548,0.14998102338192196,-0.3534735225728778,-0.3026284436876267,-0.8534518760234878,0.45277504800633833,0.6910753947257052,0.6125530498969481
414,North Central College,Yes,7398,76,Medium,-0.3399066933248407,0.36877700770497224,0.538664438287555,0.4301245042866012,-0.6142542984789046,0.8415717373961827,0.42593464953116233,0.6211848111741397,0.8477740600370556,0.13592047314024663,0.25478408259346536,0.6125530498969481
415,North Dakota State University,No,2744,42,Low,0.5604420603138852,-0.8676768730139962,0.8082604696171846,-1.2267120141059196,0.4496014388117548,1.0664517666812061,0.09569733284866458,0.7629678942848173,0.34549454598816776,-0.8173371527370515,0.18362198066940585,-1.6325116659989423
416,North Park College,Yes,4345,74,Medium,-1.2204306503346194,-0.33923404372499044,-0.46759806766056095,0.6220569582239495,-1.0385747644227592,-0.44320555165261083,-0.2097844047463471,-0.19811971386291968,0.34549454598816776,0.6301507601354812,0.20009885883380166,0.6125530498969481
417,Northeast Missouri State University,No,3416,76,Low,1.1818724668938694,0.6753287453312369,-0.14762845649391335,-1.6006548393595168,-1.0385747644227592,-0.1865912067306211,-0.6870519494859656,0.4531942340637841,-0.601645107695158,-0.6808353813309969,0.07383039711171765,-1.6325116659989423
418,Northeastern University,Yes,7425,46,High,1.7458225566784138,-0.5849046607537622,2.556574971973989,0.7925984055207707,0.4496014388117548,0.7817410839369686,0.017034841871698108,-0.2502164792374268,-0.1911203270674524,0.3234493241455035,-0.2270212887322241,0.6125530498969481
419,Northern Arizona University,No,3728,41,Low,1.1605665458526935,-0.053119072030679226,1.4502857346707398,-0.9135519513977954,0.573380124094607,1.4066848531844809,0.09569733284866458,1.8131223828002057,-1.515783424979524,-0.8930685147799469,0.6129672664692677,-1.6325116659989423
420,Northern Illinois University,No,3296,56,Low,1.6596550505598746,-0.9727316677869279,1.218677548828701,-0.5848598009901801,-0.4559627311617416,0.7817410839369686,-0.2823735232374524,0.8331283179455149,-0.8534518760234878,-0.9292056824217977,-0.49407047664955506,-1.6325116659989423
421,Northwest Missouri State University,No,3136,54,Low,0.4848700076886146,-1.4730544512765091,0.21556995474047824,-2.0962505907453486,-2.669140354284214,0.631425288232207,-1.094880026424442,1.8131223828002057,0.2788113855351543,-1.3882216068550388,1.2379085623816553,-1.6325116659989423
422,Northwest Nazarene College,Yes,2820,58,Low,-0.9345601103576878,0.31333619614396924,-1.0000176354155088,-0.022745541302177364,-0.6142542984789046,-0.7773725993734584,-1.392393977623881,0.23285911133526935,0.060686441260878146,-0.8412800877602152,0.5951182682778857,0.6125530498969481
423,Northwestern College,Yes,3075,68,Low,-0.6028462066853543,-0.12094221917214981,-1.0755146028246891,-0.007435867506013141,-2.048308048513365,0.8415717373961827,-0.9283307329438812,0.25759334859915667,0.8951255085680089,-0.794639396719073,1.333899587914977,0.6125530498969481
424,Northwestern University,Yes,5520,92,High,1.7718161746322703,2.328985093693537,-1.1507160945452135,1.3826050488587691,1.3486447395184986,0.5724019853941217,1.6789026453905742,-2.0362031548706714,0.4095619963667674,2.2325855168767337,-2.202481190954777,0.6125530498969481
425,Norwich University,Yes,5270,63,High,0.0733896680401801,-1.4730544512765091,0.07918403546691383,0.9473048279223201,-0.22919460395165178,-0.8317407990918481,-0.5579571392876599,-0.19811971386291968,0.20928980457225407,0.23023227463143647,1.2609611413278519,0.6125530498969481
426,Notre Dame College,Yes,4900,33,Low,-1.4320261129623766,-0.6744109272506594,-0.05067400576780623,0.015414767758353815,-1.0385747644227592,-1.401605755600841,-1.854952083311673,-0.46182603876526157,0.47121122188858366,-1.613917093602683,0.7343318561957851,0.6125530498969481
427,Oakland University,No,4030,53,Low,0.5822284608944133,-0.5849046607537622,1.7620138884653846,-0.21305436141469739,-1.0385747644227592,-1.2442682363007727,0.6902976719925955,1.3783101875984973,-0.601645107695158,-0.6645929172857636,0.6925161315041627,-1.6325116659989423
428,Oberlin College,Yes,5820,83,High,0.9804181849709435,1.2651043449994013,-0.61883109051505,1.9442453259620025,0.2897201272175074,-0.15146424327377245,1.2632379969775114,-1.0162263078285307,1.4110746470937963,1.4886487505922157,-1.1415277138917084,0.6125530498969481
429,Occidental College,Yes,5140,79,High,0.3389685687368437,1.3388902885586311,-1.278903285492558,1.4110262795548676,0.17750483379692933,-0.09174636885709357,0.9692990979140862,-0.9021518863751771,0.696881263144984,1.4444266857341257,-1.2201395230955787,0.6125530498969481
430,Oglethorpe University,Yes,4340,67,Medium,-0.6839833502231424,1.4803479884652577,0.07078414185244981,0.6911051395485791,0.4496014388117548,2.6517364721562937,1.1635803366973685,-0.19811971386291968,0.5306181538634841,0.04653691630320629,0.4932801715583525,0.6125530498969481
431,Ohio Northern University,Yes,4080,83,High,0.550709961257304,0.6270233788095003,-0.9491384422820588,1.3063082494435965,0.4496014388117548,-0.7700634020695866,-0.2823735232374524,0.15826329539749745,0.7487430981377603,0.42641347989228584,0.34525871027154875,0.6125530498969481
432,Ohio University,No,4095,64,Low,1.6834822982041753,-0.19109950858549554,0.915251830965175,-0.6358621845925835,0.12366360001576766,1.3674797929567895,0.42593464953116233,1.5323670138748016,-0.601645107695158,0.1185978123146016,0.03987446574376157,-1.6325116659989423
433,Ohio Wesleyan University,Yes,5650,75,High,0.2845976391877495,0.6753287453312369,-1.1172801877673055,1.4421593680097298,0.12366360001576766,-1.5715860927236942,0.9692990979140862,-0.46182603876526157,0.7990089285165864,0.8478830787309541,0.19949768392661107,0.6125530498969481
434,Oklahoma Baptist University,Yes,3140,50,Low,-0.7274030357673332,0.6270233788095003,0.48218803881857775,-1.390923481923295,-0.12022466923149903,0.14195578669882186,-0.7494672137091747,0.30686892312721886,-0.10280094841912382,-1.2478916300693959,1.0304739465259507,0.6125530498969481
435,Oklahoma Christian University,Yes,3150,45,Low,-0.7041618001642574,-0.12094221917214981,-0.24179621121322817,-1.0288789635676354,-0.22919460395165178,0.9567527520585001,-1.1477182127095475,0.573477137701554,-1.3233835886260938,-0.6912842205744648,1.6250478856166704,0.6125530498969481
436,Oklahoma State University,No,3344,48,Low,0.9325862788248889,0.31333619614396924,1.0869992575548473,-1.4114938112785378,1.5536080298286021,2.0209274842734355,0.8746535950171559,0.35589122750062596,-0.488944521318963,-0.7584791088067386,0.8053737292583836,-1.6325116659989423
437,Otterbein College,Yes,4440,87,Medium,-0.06995955266305463,0.13799295441079087,0.6769980867983899,0.6885362644273546,-0.8635857371871478,-0.7338825410642367,-0.9283307329438812,0.0072451478867492135,0.696881263144984,0.11598371557450969,0.3982986440722399,0.6125530498969481
438,Ouachita Baptist University,Yes,2800,65,Low,-0.5474611200147478,0.4228593760746721,-0.9912281496306623,-0.9850785240587812,-0.22919460395165178,0.4565508868862356,-0.9851988400469104,-0.14633148248231934,-0.9955858819980911,-0.7679308655684733,0.6973905218509036,0.6125530498969481
439,Our Lady of the Lake University,Yes,3644,37,Low,0.33265580572465486,-0.12094221917214981,0.6814533752195654,-0.3735042485964832,0.5489055338468951,0.5604113933217354,-1.1477182127095475,0.25759334859915667,0.4095619963667674,-0.46147871894799897,-1.1432721411267768,0.6125530498969481
440,Pace University,Yes,5160,62,Medium,1.4452112710543807,0.7226458157909561,1.8388062589232617,0.26304304288094815,0.8108421980583806,-0.15881325414348932,1.1635803366973685,-0.01816912301826551,-0.9955858819980911,0.44545797936698295,-1.9911171233848068,0.6125530498969481
441,Pacific Lutheran University,Yes,4488,83,High,-0.0049583374904816355,0.4228593760746721,-0.0690047821419937,0.7783672242636007,0.4496014388117548,0.47881486239819987,-0.2823735232374524,-0.7619093999483368,0.2788113855351543,0.2893218839078772,0.8260984518723025,0.6125530498969481
442,Pacific Union College,Yes,3825,69,Medium,-0.515775480797227,-0.26378841421379556,-0.5345902777664514,0.47703985212417044,0.6339700077405098,0.9857796287851024,0.42593464953116233,-0.4084259016153425,-0.7227012651918747,0.21607293964748905,-0.24685123457704145,0.6125530498969481
443,Pacific University,Yes,3994,42,High,-0.5126667492758126,0.9029060992795954,-1.278903285492558,0.9625950037563696,-0.6142542984789046,-0.1865912067306211,-0.42309620655881086,-0.7897561601567331,0.20928980457225407,0.6970660064402332,1.043406788222622,0.6125530498969481
444,Pembroke State University,No,2760,48,Low,-0.5116328625522527,-0.7684736752694479,0.29025958320785256,-1.042473485903698,0.12366360001576766,0.45375244544118193,-0.3534735225728778,0.2822630870249353,-1.9857151375821298,-0.7537702079522239,0.496482758222598,-1.6325116659989423
445,Pennsylvania State Univ. Main Campus,No,4060,63,Medium,2.131797699366617,1.1890885687490678,1.2359434360705823,0.17777648132971596,-0.14179539883908032,1.4543323149585339,1.2632379969775114,1.0179463816947254,-0.019012808716357025,0.17031082718276877,-1.437905535975106,-1.6325116659989423
446,Pepperdine University,Yes,6770,66,High,0.7850815367837318,2.354101083761265,0.4010359033805324,1.6996951338517092,-0.22919460395165178,-1.0977621252034493,1.467641878959388,-0.5968513856813776,-0.601645107695158,1.443177615717873,-1.454474618297499,0.6125530498969481
447,Peru State College,No,2624,44,Low,-0.8051063283804653,-1.204141438433242,0.19456501965374307,-2.723209250746186,-0.22919460395165178,-0.5948985251698026,1.6789026453905742,1.4665986044009744,0.34549454598816776,-1.6697198684888164,-0.2192679496527438,-1.6325116659989423
448,Pfeiffer College,Yes,3700,48,Low,-0.6283199062642012,-1.0845174670653988,-0.4455192858579067,-0.34274287756054295,-1.0385747644227592,0.9735435765255893,-1.2494530951634284,-0.43508339754859443,-0.601645107695158,-0.262708670929437,0.2035377993032928,0.6125530498969481
449,Philadelphia Coll. of Textiles and Sci.,Yes,5062,68,Medium,-0.04386789039106478,-0.33923404372499044,0.7521744657589692,0.4237367718403791,0.4496014388117548,0.6750283477361858,-0.13569442115241218,-0.2502164792374268,-0.3835201634208818,-0.12549626589487625,0.4875059369550033,0.6125530498969481
450,Phillips University,Yes,3860,39,Medium,-0.8179928307605425,-0.33923404372499044,-0.824813232438937,0.14241187243179232,0.4496014388117548,-0.5069333484443375,-1.1477182127095475,-0.5968513856813776,-0.019012808716357025,0.16974819996108442,0.581203208331948,0.6125530498969481
451,Piedmont College,Yes,3620,31,Low,-0.860773093312069,-0.26378841421379556,-0.9740319705249554,-1.2974147564820289,0.4496014388117548,-0.9606431574678058,0.6005650532112241,-0.17218743851993387,-0.1911203270674524,-0.3843871007626966,0.6852252469486607,0.6125530498969481
452,Pikeville College,Yes,3000,61,Low,-1.3655929791790231,0.25645415555414425,-0.7216402910850428,-1.1674301958517876,-0.22919460395165178,-1.7565250579131289,-1.481398373568703,-0.12055104982346956,-0.488944521318963,-1.220536883217639,1.6541227110106291,0.6125530498969481
453,Pitzer College,Yes,5900,73,High,-0.33479472109879166,0.7226458157909561,-1.3559697713457743,1.6114775799679801,0.7526774067369609,-0.7100928488101279,1.6789026453905742,-0.9305096236198228,-0.8534518760234878,1.2772327683753972,-1.2984342148597396,0.6125530498969481
454,Point Loma Nazarene College,Yes,4190,54,Medium,-0.6630173945723591,-0.26378841421379556,-0.2717006389429033,0.06271450625292592,1.5536080298286021,-0.9606431574678058,-0.7494672137091747,0.5495374102901845,-0.019012808716357025,-0.17063178502212925,0.6956626676393577,0.6125530498969481
455,Point Park College,Yes,4830,66,Low,-0.5858753958239291,-1.6267810138219474,0.9643233998613195,-0.05870817156231799,-1.0385747644227592,-0.00765221982654528,0.6902976719925955,0.15826329539749745,-0.9955858819980911,-0.25620337050153935,0.7030715586606741,0.6125530498969481
456,Polytechnic University,Yes,4200,62,High,-0.3356446968305954,1.5482723599064572,-0.2800934067838285,1.3451696241042974,-0.7287469520785288,1.5363316530177873,0.6902976719925955,-0.9305096236198228,-0.488944521318963,1.2116499685694426,0.008880451170797382,0.6125530498969481
457,Prairie View A. and M. University,No,3500,35,Low,0.3702274988812834,-1.204141438433242,0.18166184939151533,-1.840223067970067,0.4370266765138181,0.5684121415197012,0.9692990979140862,1.311635426781892,-3.780309948096807,-0.9912550775306938,1.237816320788867,-1.6325116659989423
458,Presbyterian College,Yes,3635,85,Medium,-0.379202793802235,0.5776799288914051,-1.3559697713457743,0.46213983892905114,0.15066888890102878,0.35502347384888655,0.257675656251106,-0.12055104982346956,1.231387019584252,-0.01958521006684486,0.14977759286553063,0.6125530498969481
459,Princeton University,Yes,5910,99,High,1.83063604735998,2.452443922292768,-0.5061565996033313,1.9814103061114479,0.896665796555262,0.559075194114215,1.2632379969775114,-1.522121468807633,1.6334479958237178,2.3305301541470094,-4.029960629857285,0.6125530498969481
460,Providence College,Yes,6200,96,High,1.0433904002673362,-0.26378841421379556,0.9412284493768918,1.0005868453678386,-0.6142542984789046,-0.1865912067306211,-0.5579571392876599,1.0864302146786269,0.9411429344911897,-0.09001309276929258,-0.6518520840381169,0.6125530498969481
461,Purdue University at West Lafayette,No,3990,67,Low,2.2262987458124384,0.31333619614396924,1.778622009605875,-0.09605583656555101,0.25701902020397904,-0.26241720299471216,0.3410143789166373,1.0408230523290256,-0.3835201634208818,0.057410379160633816,0.7668298958277545,-1.6325116659989423
462,Queens College,Yes,4970,58,Medium,-1.113953929553386,0.47565884296982563,0.3147530959025514,0.26779266014217384,0.5119327660679462,0.9567527520585001,-0.49125343790260845,0.03258838544133442,0.9858994490492295,0.258717165500329,0.08681234085794645,0.6125530498969481
463,Quincy University,Yes,4140,80,Medium,-0.4315734461457274,-0.12094221917214981,-0.9022691057091232,0.04316040253595514,-0.6142542984789046,-0.2241791518544319,-0.7494672137091747,0.5973594417391942,0.7990089285165864,-0.5584050678317886,-0.3888981020250061,0.6125530498969481
464,Quinnipiac College,Yes,6140,86,Medium,0.7595551039557212,-0.4994689411839058,0.49079117978002246,0.5006331677019719,2.4385556153715937,-1.7565250579131289,-0.6232192944825511,-0.4886548043056184,0.8477740600370556,0.1290131548058397,-1.1354180535607024,0.6125530498969481
465,Radford University,No,4110,62,Low,1.1326936085948356,-0.6744109272506594,0.21556995474047824,-0.9339268603208141,-0.22919460395165178,-0.5948985251698026,0.09569733284866458,1.3561294433902293,-1.1512760702749985,-1.938981577108167,0.7575553539845039,-1.6325116659989423
466,Ramapo College of New Jersey,No,4860,47,Low,0.2407617814340075,-1.7978331880954055,1.2029807928286216,-1.7709249737924362,0.4496014388117548,0.6635672183793242,1.1635803366973685,0.9490194931800559,-1.3233835886260938,-0.3751179850997353,-1.9631037999176166,-1.6325116659989423
467,Randolph-Macon College,Yes,3735,74,High,0.08824773074776686,-0.19109950858549554,-1.407972650027876,0.8876420774712047,-1.0385747644227592,-0.5948985251698026,-0.13569442115241218,-0.8457496768946343,1.0718935453228027,0.6696059270200626,0.008415603154037641,0.6125530498969481
468,Randolph-Macon Woman's College,Yes,6110,68,High,-0.8122434318233109,0.6270233788095003,-1.0365500942946193,0.9141252420783165,-1.3159168023606214,-0.5504732541766872,1.3645882269351624,-1.2795288599936452,0.34549454598816776,1.4626718153826093,0.9395992751289203,0.6125530498969481
469,Reed College,Yes,5490,68,High,0.18520972865031532,1.1501937769220463,-0.9912281496306623,1.991059065917996,-0.22919460395165178,-1.959451346902346,0.6902976719925955,-0.5425747226939661,1.0294623131395182,1.4087161707952356,-0.11231007041167951,0.6125530498969481
470,Regis College,Yes,5800,84,Medium,-1.3082589769265804,-0.4176946998854469,0.2952242791684145,0.6480837816681109,-0.6142542984789046,-1.0977621252034493,0.257675656251106,-0.9589736432806002,1.0294623131395182,0.801596782547697,1.0523940515727441,0.6125530498969481
471,Rensselaer Polytechnic Institute,Yes,5976,70,High,1.0190310418743471,1.3749937779595973,-1.6583617630196459,1.5742834629696687,3.2825891707294645,-0.1865912067306211,1.467641878959388,0.38030884250552316,0.13667737956055104,1.3754048937331107,0.5900257249092726,0.6125530498969481
472,Rhodes College,Yes,4768,77,High,0.3302764072170959,1.5482723599064572,-1.0089401426438156,1.157036706280447,0.12366360001576766,0.4565508868862356,1.2632379969775114,-0.8177024914772074,1.4110746470937963,1.0757286677847082,0.3296908761245627,0.6125530498969481
473,Rider University,Yes,5420,70,High,0.7290259948552872,-0.5849046607537622,0.9147015859817645,0.7653500535832429,1.0360807080301793,2.0209274842734355,0.8746535950171559,-0.4084259016153425,0.2788113855351543,0.7135737229763207,-0.4827291017620253,0.6125530498969481
474,Ripon College,Yes,4100,64,High,-0.9831669114228397,0.25645415555414425,-1.3900837948934834,1.157036706280447,-1.5119094043589478,-1.2442682363007727,0.6902976719925955,-1.2201811492616093,1.4777578075468099,0.9284721944119467,0.7248839282713602,0.6125530498969481
475,Rivier College,Yes,4860,81,Low,-1.1793612904171196,-1.7978331880954055,0.8499418594660462,-0.015083061798768515,0.4496014388117548,-0.1865912067306211,-1.392393977623881,-0.43508339754859443,-0.019012808716357025,-0.6171083659279182,0.34414815040389946,0.6125530498969481
476,Roanoke College,Yes,4425,72,High,0.2999598505484559,0.198039873680471,-0.21316481794747635,0.8019899920325408,-0.6142542984789046,-0.00765221982654528,0.6005650532112241,-0.22412911897517035,0.47121122188858366,0.282512854251969,0.386670850285873,0.6125530498969481
477,Rockhurst College,Yes,4100,79,Low,-0.5209804276467481,-0.12094221917214981,0.5278827188663583,-0.11329713689841336,-0.22919460395165178,0.4565508868862356,-0.2097844047463471,-0.8457496768946343,0.13667737956055104,-0.30483583477483656,1.1612832334846228,0.6125530498969481
478,Rocky Mountain College,Yes,3362,68,Low,-1.0307954322663364,-1.0845174670653988,-0.6283861383961887,-0.316659123145778,0.4496014388117548,-1.321479805573063,-0.2823735232374524,-0.678954128340758,0.5306181538634841,-0.7636719569184607,-0.31921606516062206,0.6125530498969481
479,Roger Williams University,Yes,6050,61,Medium,0.6563121331503697,-1.204141438433242,1.0081275690209983,0.6089823530815687,-0.22919460395165178,-1.0144444682730733,-1.6057345224000523,0.6211848111741397,-1.3233835886260938,-0.149446394685957,0.6920693009318502,0.6125530498969481
480,Rollins College,Yes,5220,90,High,0.0913988112204389,0.4228593760746721,0.758906046780983,1.3864412969863018,2.2538655181092837,-0.9606431574678058,0.257675656251106,-0.14633148248231934,0.2788113855351543,0.7644783815649868,-0.6748340277684842,0.6125530498969481
481,Rosary College,Yes,4600,81,Medium,-1.291465258005524,0.25645415555414425,-0.1407212427282514,0.25114412719523843,0.12366360001576766,-0.48548409267976533,0.017034841871698108,-0.2502164792374268,0.696881263144984,0.2450749205153672,-0.0496320603506397,0.6125530498969481
482,Rowan College of New Jersey,No,4830,51,Low,0.7848509163200422,-0.19109950858549554,1.7538982837807282,-1.8112563614226778,1.5536080298286021,-0.8317407990918481,-0.06009188335680806,1.898181750809844,-1.7339083692537995,-0.4065905952790437,-2.532632697371791,-1.6325116659989423
483,Rutgers at New Brunswick,No,4748,77,Low,2.822988062805342,0.6753287453312369,1.70574057017439,-0.7026779268500263,0.9808435903733326,1.0760740166903142,1.1635803366973685,1.3339046278680986,-0.019012808716357025,0.5406264827823463,-1.356773117481754,-1.6325116659989423
484,Rutgers State University at Camden,No,4748,57,Low,0.6728554579110201,0.198039873680471,0.9097322620602107,-0.7023699032627507,0.9808435903733326,1.0760740166903142,1.1635803366973685,1.131844917204875,-0.7227012651918747,0.4631012379706591,-1.5402339142480594,-1.6325116659989423
485,Rutgers State University at Newark,No,4748,58,Low,1.145054339201906,0.13799295441079087,1.182636470091097,-0.7026779268500263,0.9808435903733326,1.0760740166903142,1.1635803366973685,0.8564097284492168,-0.28448920152158647,0.8237403153221425,-1.9177845690097923,-1.6325116659989423
486,Sacred Heart University,Yes,5780,82,Medium,0.3322597004438243,-0.33923404372499044,1.1838238392664238,0.27964198004126417,-1.0385747644227592,-1.401605755600841,-0.6232192944825511,0.23285911133526935,-0.28448920152158647,-0.4590582053102421,0.5096200269252782,0.6125530498969481
487,Saint Ambrose University,Yes,4020,70,Medium,-0.561541272354,-0.9727316677869279,0.0924199814034158,0.1301428223292753,-0.22919460395165178,0.4565508868862356,-1.5240531582747878,0.05786129345554121,-0.28448920152158647,-0.33284940244287153,0.3640466953127041,0.6125530498969481
488,Saint Anselm College,Yes,5400,97,Medium,0.24384283258777845,-0.6744109272506594,-0.7561123349498994,0.7017919204959061,-0.6142542984789046,-0.14963079133114396,0.017034841871698108,0.15826329539749745,0.643318740239679,-0.6280984021064119,-0.038357622451748286,0.6125530498969481
489,Saint Cloud State University,No,2625,58,Low,0.8189606148914449,-1.204141438433242,1.3006186600480965,-1.853929749076083,-1.5119094043589478,0.9387067124886164,-0.49125343790260845,1.199612364107489,-0.9955858819980911,-1.851216384635507,0.5823320012198849,-1.6325116659989423
490,Saint Francis College IN,Yes,3820,48,Low,-2.0454791616544914,-0.8676768730139962,-0.1930786736828695,-0.33439810784964846,-0.6142542984789046,-0.3812772017711419,-0.2823735232374524,-0.35536252385287187,-2.2835393318336408,-0.3343556831846397,0.22049646941719708,0.6125530498969481
491,Saint Francis College,Yes,5050,69,Medium,-0.4119235528306597,-0.19109950858549554,0.18598865828906036,0.23442552834361993,-1.0385747644227592,0.05172500660973919,-1.1477182127095475,1.2893215220075749,0.34549454598816776,-0.37088526166857017,0.2777730324223892,0.6125530498969481
492,Saint John's University,Yes,4081,70,Medium,-0.5230707724659568,-0.4176946998854469,-0.9022691057091232,0.5489673813859549,-0.22919460395165178,-1.401605755600841,0.257675656251106,-0.4886548043056184,1.0718935453228027,0.3959360107307288,0.7517989397658782,0.6125530498969481
493,Saint Joseph's College IN,Yes,4250,67,Medium,-0.5367762845676507,0.012544204192919675,-0.25794229884583036,0.31028655778176334,0.4496014388117548,-0.48548409267976533,-1.3460179845367914,0.23285911133526935,-0.019012808716357025,-0.3647459983175069,-0.02346414886251148,0.6125530498969481
494,Saint Joseph's College,Yes,5180,85,Low,-0.6342094485939078,-0.9727316677869279,1.2971725737137618,0.014148844162083644,-0.22919460395165178,-0.8317407990918481,0.6005650532112241,2.9349049887757435,-1.3233835886260938,-2.1046961629673877,0.48840324336676194,0.6125530498969481
495,Saint Joseph's University,Yes,6350,83,Medium,0.4123590373836641,0.814496291254933,0.9174490323886003,0.6588806117068089,-1.5119094043589478,0.7078187571324353,0.6902976719925955,0.8564097284492168,-0.601645107695158,-0.05492086408219139,0.3280685278298941,0.6125530498969481
496,Saint Joseph College,Yes,4600,76,Medium,-1.706463480296266,-0.26378841421379556,0.48888785093970094,0.5385467061091938,0.7526774067369609,-0.48548409267976533,0.6902976719925955,-0.7065095991630397,0.7990089285165864,0.08013667059828027,0.5334002469618061,0.6125530498969481
497,Saint Louis University,Yes,4730,67,Medium,0.6536126906719807,1.0296888476949617,0.8157777044043972,0.4237367718403791,1.5536080298286021,3.81124097258178,1.0656043502924986,-2.8286743039560838,-0.019012808716357025,1.6679355100153874,0.8149126251585059,0.6125530498969481
498,Saint Mary's College,Yes,4514,98,Medium,-0.5714179144605612,0.13799295441079087,-1.407972650027876,0.6545652233846634,-0.22919460395165178,0.49124292155173477,1.1635803366973685,-1.073921779837255,0.7487430981377603,0.6868289478523276,0.541795031701849,0.6125530498969481
499,Saint Mary's College of Minnesota,Yes,3600,78,Medium,-0.5847551261141795,-0.7684736752694479,-0.6283861383961887,0.21523180244088352,-1.0385747644227592,-0.7822591318670258,-0.5579571392876599,1.1770700285932783,-0.019012808716357025,-1.5218293455063057,1.1468491418404205,0.6125530498969481
500,Saint Mary-of-the-Woods College,Yes,4130,75,Medium,-2.431564402220916,-0.053119072030679226,0.5404465746821493,0.09310267904364676,-0.22919460395165178,0.7203062079932,-1.4375163915219222,-0.9875453814266569,1.0294623131395182,0.3525946969075,0.8144996139821334,0.6125530498969481
501,Saint Michael's College,Yes,5860,84,High,0.1584590373676194,-0.5849046607537622,-0.6889842338107851,0.7188345309434644,-0.22919460395165178,-0.9606431574678058,0.5124477851823425,0.15826329539749745,0.8951255085680089,0.4761440837602808,-0.16607541321359,0.6125530498969481
502,Saint Olaf College,Yes,3750,83,High,0.30855761708274226,0.7690207208177241,-0.6943092873174947,0.990621076974367,0.12366360001576766,-1.5715860927236942,0.5124477851823425,-1.0450179270912499,0.7487430981377603,0.9335572542834273,-0.01843847128128937,0.6125530498969481
503,Saint Peter's College,Yes,5520,53,Low,-0.003203581626779536,-0.053119072030679226,0.8244582066396595,-0.1348282343565399,-0.22919460395165178,-1.959451346902346,-0.2823735232374524,-0.46182603876526157,0.20928980457225407,-0.2500811103479475,0.9040109141784601,0.6125530498969481
504,Saint Vincent College,Yes,3936,88,Medium,-0.8065293710478005,-0.33923404372499044,-0.3768961089318736,0.22723878076167187,-0.22919460395165178,-0.5948985251698026,-1.1477182127095475,-0.4084259016153425,0.7487430981377603,0.036202635461802926,0.7011280460678576,0.6125530498969481
505,Saint Xavier University,Yes,4624,55,Medium,-0.6927571105204785,-0.6744109272506594,0.5021112662631992,0.22963581213625425,0.4496014388117548,-0.8468087346405585,1.6789026453905742,-0.043655143285562414,-0.3835201634208818,0.1593046533408341,0.5256548549648711,0.6125530498969481
506,Salem-Teikyo University,Yes,3952,98,Medium,-1.1688407472575972,-0.053119072030679226,-1.1507160945452135,0.16074368834830793,-1.0385747644227592,-1.337264617201809,-2.32584996579349,-0.22412911897517035,-1.1512760702749985,0.15732135635100045,0.26085686514922973,0.6125530498969481
507,Salem College,Yes,6300,60,Medium,-1.5612445059649587,0.25645415555414425,-0.27448654623298946,0.13628215652723613,-0.22919460395165178,1.0664517666812061,-0.9283307329438812,-0.7065095991630397,1.3766836801623437,0.3326309800566025,0.6858990294823579,0.6125530498969481
508,Salisbury State University,No,4690,56,Low,0.8714476908710386,-0.26378841421379556,0.7419671210529587,-1.4912463226655417,0.4496014388117548,0.3855304303319012,-0.49125343790260845,0.9720449849419154,-0.10280094841912382,-1.492178329737277,-1.386027460391916,-1.6325116659989423
509,Samford University,Yes,3700,61,Low,0.03900118363451292,0.5776799288914051,0.11182218825857164,-0.4570212155969452,0.25044882578504,0.6571749645449193,-0.49125343790260845,0.20805976907672355,-0.1911203270674524,0.3157571241291141,0.5675115553117477,0.6125530498969481
510,San Diego State University,No,5110,41,Low,1.5529814262512445,-0.26378841421379556,2.0334626565953946,-0.4147381473745049,0.5242920894959361,1.4597682930680178,0.9692990979140862,1.3339046278680986,-1.515783424979524,-0.15864088609366947,-0.0018914340999885851,-1.6325116659989423
511,Santa Clara University,Yes,5928,100,High,0.8295126659532788,0.8591123720558881,-0.5819923517098768,0.8350089190229067,0.6339700077405098,0.12257708758584071,0.8746535950171559,0.0072451478867492135,-0.019012808716357025,0.6265873133132587,-0.3772699807534504,0.6125530498969481
512,Sarah Lawrence College,Yes,6694,83,High,-0.14631823813228229,1.51453184767177,-0.6943092873174947,1.8838544256866505,0.4496014388117548,-1.0977621252034493,0.9692990979140862,-2.27576159518376,-0.10280094841912382,1.2718852721739926,-1.2951973889443846,0.6125530498969481
513,Savannah Coll. of Art and Design,Yes,5000,55,Low,-0.35541959601246065,-0.26378841421379556,-0.2972019675334943,-0.4315349946892221,3.1807271541080584,0.5922469197789696,1.467641878959388,0.5495374102901845,0.47121122188858366,-0.5609570954521642,-0.8608234292812997,0.6125530498969481
514,Schreiner College,Yes,5900,52,Low,-0.988341651424967,-0.33923404372499044,-0.7272538841097251,-0.25605278437406614,-0.22919460395165178,0.4397081364883687,-1.5240531582747878,-0.5425747226939661,0.2788113855351543,0.03955301857296371,-0.27029545708802344,0.6125530498969481
515,Scripps College,Yes,7350,73,High,-0.6085738034593221,1.6144757210802636,-2.0284891165270906,1.532546716459938,0.4496014388117548,-0.8317407990918481,1.6789026453905742,-1.5841549225823557,1.1929497028195202,1.668402799641254,-0.05269343181828984,0.6125530498969481
516,Seattle Pacific University,Yes,4875,66,Medium,-0.2932919109065556,0.9459121453121654,0.48122603342270387,0.64137571653106,0.4496014388117548,0.07669669114387123,0.257675656251106,0.7159264724323379,0.060686441260878146,0.5168779279036028,0.7612159354019669,0.6125530498969481
517,Seattle University,Yes,4375,89,Medium,0.25258534964907114,0.25645415555414425,0.018169096851538682,0.6750238258559331,-0.22919460395165178,0.4565508868862356,0.257675656251106,-0.43508339754859443,-0.28448920152158647,0.4726613226772553,-0.12785129095070955,0.6125530498969481
518,Seton Hall University,Yes,6484,64,Medium,0.9429135634690597,-0.5849046607537622,1.027976391097495,0.49390607097334976,0.7526774067369609,-0.3812772017711419,0.17590711389826055,0.1332649014169348,-0.3835201634208818,0.45041849576356313,0.21860517528585827,0.6125530498969481
519,Seton Hill College,Yes,4180,71,Medium,-0.5199370532617776,0.012544204192919675,-0.29145025136329755,0.3196686173908396,-1.5119094043589478,1.0664517666812061,-0.7494672137091747,-0.7065095991630397,1.0294623131395182,0.44687689853519463,0.6895001929484448,0.6125530498969481
520,Shippensburg University of Penn.,No,3504,72,Low,1.1499160787312142,-0.7684736752694479,-0.07314506384833169,-0.5714816336528201,-0.6142542984789046,0.7203062079932,0.09569733284866458,1.1770700285932783,-0.601645107695158,-0.6280984021064119,-1.2447396109936282,-1.6325116659989423
521,Shorter College,Yes,3600,58,Low,-1.067692366861453,-0.053119072030679226,-0.66301954892351,-0.764839858641482,-0.22919460395165178,1.0664517666812061,-1.094880026424442,-0.17218743851993387,-0.10280094841912382,-0.3662788831444656,0.5247722737567625,0.6125530498969481
522,Siena College,Yes,5100,100,Medium,0.5583228139676691,0.012544204192919675,0.39132818505422146,0.21523180244088352,0.2897201272175074,-0.20530535546750572,0.017034841871698108,0.05786129345554121,1.231387019584252,-0.07237775097560202,-0.6424456417672791,0.6125530498969481
523,Siena Heights College,Yes,3880,47,Low,-1.222641827890808,-1.204141438433242,-0.10067963175366555,-0.17932884992884415,-0.41730816701513435,-0.20530535546750572,-1.7894061555299154,-1.9036274414904166,-0.1911203270674524,0.2893218839078772,1.0617669129675793,0.6125530498969481
524,Simmons College,Yes,6950,79,High,-0.4526277643426094,-0.053119072030679226,-0.45279577970094925,1.337793081900055,-0.22919460395165178,-0.00765221982654528,-0.06009188335680806,-1.369500489443994,0.8477740600370556,1.1778949762803643,0.22266159842964445,0.6125530498969481
525,Simpson College,Yes,4980,70,Medium,-0.44012742581521114,0.198039873680471,0.37597020017488325,0.32201070401890075,0.12366360001576766,0.312205196159577,-0.6232192944825511,0.47736869024981177,0.9858994490492295,-0.345313694894047,0.7573674852694278,0.6125530498969481
526,Sioux Falls College,Yes,3064,48,Low,-1.2843567012088428,-0.8676768730139962,-0.1361548982836025,-0.24654493376421016,-0.22919460395165178,0.7203062079932,-0.6232192944825511,0.23285911133526935,-1.515783424979524,-0.17545112803174998,1.145534215031597,0.6125530498969481
527,Skidmore College,Yes,5970,81,High,0.8872701202015016,0.0762022459001068,-0.15460623362821707,1.7859617765642193,-0.22919460395165178,-1.0977621252034493,0.8746535950171559,-0.3026284436876267,0.643318740239679,1.2794433361044342,-0.7582833114086404,0.6125530498969481
528,Smith College,Yes,6390,90,High,0.5473382474836741,1.3022664532279355,-0.7502317576043802,1.8043651881790748,-0.22919460395165178,-0.28178741469544866,1.3645882269351624,-0.9589736432806002,1.3056502891957145,1.9048062344810583,-1.364560060595839,0.6125530498969481
529,South Dakota State University,No,2190,67,Low,0.5102892429329768,-0.8676768730139962,0.7923652481466139,-2.0597754697246593,-0.22919460395165178,1.0340854665598669,-1.094880026424442,0.2822630870249353,0.643318740239679,-1.5197951194653692,1.1931856919173836,-1.6325116659989423
530,Southeast Missouri State University,No,3540,45,Low,0.3218958086899078,-0.4176946998854469,0.8792484284109218,-1.673087814546214,-3.409405941609676,1.221831296486604,-0.42309620655881086,0.7864078276084672,-1.3233835886260938,-1.0184353103808195,0.49580671899470047,-1.6325116659989423
531,Southeastern Oklahoma State Univ.,No,2619,53,Low,-0.6521082746315605,-0.26378841421379556,0.42838907252117336,-2.0948015855682014,-0.6142542984789046,-0.33694699174414966,-1.392393977623881,1.3561294433902293,-1.1512760702749985,-2.0007340874947257,0.7402121318280355,-1.6325116659989423
532,Southern California College,Yes,4124,43,Low,-1.4156622262596021,-0.4176946998854469,-0.5864818062904429,-0.10545044905563562,0.6339700077405098,0.8627345908343745,-1.094880026424442,1.131844917204875,-0.8534518760234878,-0.06265763990764034,0.9263988238715478,0.6125530498969481
533,Southern Illinois University at Edwardsville,No,3598,43,Low,0.4198967026602322,-0.8676768730139962,1.4113477472292015,-1.359944366631169,-3.080803144082605,1.2870398345555532,-0.06009188335680806,0.644953727665646,-1.3233835886260938,-0.31263605499626973,0.7975385132705489,-1.6325116659989423
534,Southern Methodist University,Yes,5078,72,Medium,0.8888965242235686,0.9029060992795954,0.08748542507226645,0.6636224056253337,0.2962306033273429,0.8439328178309365,0.5124477851823425,-0.0948453587869114,-0.1911203270674524,0.9709396056341941,0.38347150923109086,0.6125530498969481
535,Southwest Baptist University,Yes,2500,71,Low,-0.36943731408088215,-0.9727316677869279,0.699746034574506,-0.8090303493988387,-1.0385747644227592,-0.3812772017711419,-1.6057345224000523,0.5014836937996885,-0.601645107695158,-1.7825270369808244,1.7214721572963374,0.6125530498969481
536,Southwest Missouri State University,No,2590,56,Low,1.1928021925298726,-0.6744109272506594,1.629847271018685,-1.6481967678441631,-0.22919460395165178,0.25177778829483577,-0.49125343790260845,1.4225407001032173,-0.8534518760234878,-1.8488679067242233,0.7608343539821754,-1.6325116659989423
537,Southwest State University,No,2750,51,Low,-0.4109984258968231,-0.8676768730139962,0.31113086035934434,-1.8424294119400955,0.4496014388117548,0.8415717373961827,-0.49125343790260845,0.644953727665646,0.7487430981377603,-0.6853714445615744,1.01330591645645,-1.6325116659989423
538,Southwestern Adventist College,Yes,3736,36,Low,-1.6062155054081566,-1.0845174670653988,-0.11597494630920381,-0.6640800050053585,-0.7787983207406189,0.6584548487864347,-0.3534735225728778,-0.22412911897517035,-0.7227012651918747,-1.3723144124588444,1.6578993154752482,0.6125530498969481
539,Southwestern College,Yes,3532,52,Low,-2.0454791616544914,0.25645415555414425,-0.5021953986806043,-0.7679775314726308,0.12366360001576766,0.4565508868862356,-1.5240531582747878,-0.5425747226939661,-0.7227012651918747,-0.19730266804355306,-0.13079571285238953,0.6125530498969481
540,Southwestern University,Yes,4675,67,Medium,-0.24513558406604194,1.0296888476949617,-1.1741414143251223,0.4601038015829844,0.4496014388117548,-0.28178741469544866,0.6005650532112241,-0.678954128340758,0.9411429344911897,1.0145124645762547,-0.09393108454640224,0.6125530498969481
541,Spalding University,Yes,2800,89,Low,-1.7397611609860313,-1.204141438433242,-0.15460623362821707,-0.4101964618018937,0.4496014388117548,-0.5948985251698026,-1.5240531582747878,-0.8738990280930911,1.1535860970634626,-0.5669252096684453,-0.24951057817445907,0.6125530498969481
542,Spelman College,Yes,5565,65,Low,0.7597929291157762,1.1501937769220463,-0.6837042616691057,-0.8313414029239495,0.8108421980583806,1.4597682930680178,-0.13569442115241218,-0.35536252385287187,-0.10280094841912382,0.42856772559231066,-2.8146119066263044,0.6125530498969481
543,Spring Arbor College,Yes,3550,49,Low,-1.4514722387675154,-0.6744109272506594,0.029011606226874778,-0.3538989000342422,-1.1748916400000111,-1.1992509494542087,-1.8227310098814986,0.38030884250552316,-1.1512760702749985,0.6403740388419402,1.5386147896926674,0.6125530498969481
544,St. Bonaventure University,Yes,4927,78,Medium,-0.07438448187888975,-0.8676768730139962,-0.5687111330584816,0.1316171417626675,-0.22919460395165178,-0.28178741469544866,0.7816568116943878,0.9259436201670278,0.7990089285165864,0.3898173416348743,0.917440083975485,0.6125530498969481
545,St. John's College,Yes,5450,64,High,-1.5996636524351806,0.4228593760746721,-2.262422978186851,1.3359470725190885,-2.3464134104331125,-0.8317407990918481,-0.6870519494859656,-1.9036274414904166,0.47121122188858366,1.3774463989268577,0.7737841282915572,0.6125530498969481
546,St. John Fisher College,Yes,5600,66,Medium,-0.15460783956832533,-0.33923404372499044,0.45477488433068824,0.15952422946725264,-1.0385747644227592,-0.8317407990918481,-0.06009188335680806,0.15826329539749745,0.643318740239679,-0.16616846827362244,0.20985125177266403,0.6125530498969481
547,St. Lawrence University,Yes,5730,85,High,0.49277346425816004,0.4228593760746721,-1.1507160945452135,1.7876377464578233,0.7526774067369609,-0.7700634020695866,1.0656043502924986,-0.624126161709994,1.0718935453228027,1.297884712213286,-0.5838458128602707,0.6125530498969481
548,St. Martin's College,Yes,4270,40,Medium,-2.1644589572563926,-1.9916231295773121,0.3442634149234435,0.391646416852855,-2.048308048513365,-1.7565250579131289,-0.3534735225728778,0.15826329539749745,-1.3233835886260938,0.23023227463143647,0.7955054245933539,0.6125530498969481
549,St. Mary's College of California,Yes,6354,78,High,0.4559241753728701,0.6753287453312369,-0.19060927051232368,0.78255781352901,0.6339700077405098,0.5710728149223143,0.6005650532112241,0.5495374102901845,-0.1911203270674524,0.3377089849159231,-0.9345881852129093,0.6125530498969481
550,St. Mary's College of Maryland,No,4730,63,Low,-0.1742575441030164,0.9459121453121654,-0.29431990922458523,-0.8959060608122663,0.896665796555262,0.07669669114387123,0.6005650532112241,-0.5968513856813776,0.2788113855351543,0.5143920055323727,-1.552766408586097,-1.6325116659989423
551,St. Mary's University of San Antonio,Yes,3858,72,Low,-0.2459044384084989,0.5272445442404737,0.13689545481892343,-0.3321760404521981,1.0360807080301793,0.7647048434501773,0.09569733284866458,0.573477137701554,-1.515783424979524,-0.2565641567142956,0.501108859876381,0.6125530498969481
552,St. Norbert College,Yes,4450,88,Medium,-0.1785254947754044,0.36877700770497224,-0.7502317576043802,0.5252053208062948,-0.8209747620312198,-0.1865912067306211,-0.2823735232374524,0.30686892312721886,0.9858994490492295,0.0546985998470262,1.2574475989665437,0.6125530498969481
553,St. Paul's College,Yes,3650,45,Low,-0.8790659402227898,-1.4730544512765091,-1.2934851488090782,-1.5426640334792199,0.4496014388117548,-1.401605755600841,-1.9161399642376822,0.03258838544133442,-1.3233835886260938,0.0029504329382036387,0.9900426868816565,0.6125530498969481
554,St. Thomas Aquinas College,Yes,5700,67,Low,-0.6017049745202289,-1.204141438433242,0.5811669485935355,-0.33995917564912814,-0.22919460395165178,0.7817410839369686,-0.6232192944825511,0.5495374102901845,-0.601645107695158,-0.7114311672620386,-0.269443181686062,0.6125530498969481
555,Stephens College,Yes,5200,59,High,-1.2541463701930455,-0.4994689411839058,0.08913409579724528,0.8998852924398952,-0.6142542984789046,1.221831296486604,-1.199238322126377,-0.7897561601567331,-0.1911203270674524,0.4302411812327635,1.0412427498106844,0.6125530498969481
556,Stetson University,Yes,4565,73,Medium,-0.032314561664763077,0.7226458157909561,-0.838179008436299,0.563997702872031,0.4496014388117548,0.25942052980046293,0.6902976719925955,-0.35536252385287187,0.34549454598816776,0.503040828517863,0.27975279653676416,0.6125530498969481
557,Stevens Institute of Technology,Yes,5680,79,High,0.08666789306854761,1.3022664532279355,-1.8298731617089103,1.4723661123632084,-0.6142542984789046,-0.9606431574678058,0.6005650532112241,1.2221083447673498,0.8477740600370556,0.9890900989515232,-0.2753551192028361,0.6125530498969481
558,Stockton College of New Jersey,No,4351,64,Low,0.8295126659532788,-0.053119072030679226,0.5377717970498995,-2.454959885884998,1.0960530697264468,-0.14048620591693523,0.8746535950171559,1.3339046278680986,-1.515783424979524,-1.1958640745304132,-2.40831075951131,-1.6325116659989423
559,Stonehill College,Yes,6172,97,Medium,0.7437047920491117,0.0762022459001068,0.6695150890881193,0.5318814148129976,-0.37900648471193393,-0.8317407990918481,-0.2097844047463471,-0.22412911897517035,0.696881263144984,-0.31375312311659553,-0.7897422762628755,0.6125530498969481
560,SUNY at Albany,No,4355,74,Low,1.8492817884322736,-0.5849046607537622,0.8705694394243596,-0.9783909818319576,1.0360807080301793,0.5389373745851054,1.2632379969775114,0.8564097284492168,-0.28448920152158647,0.19349096498001714,-0.45578489061383226,-1.6325116659989423
561,SUNY at Binghamton,No,4598,80,Low,1.902860246359349,1.6144757210802636,0.4487679492121445,-0.9783909818319576,1.0360807080301793,-0.3812772017711419,1.6789026453905742,0.9950204859927356,-0.3835201634208818,-0.11647402489731012,-2.180804959421123,-1.6325116659989423
562,SUNY at Buffalo,No,4731,56,Low,1.9340482980279252,0.6753287453312369,1.5691691808080095,-0.9783909818319576,1.0797775867330288,-0.4705936478805208,1.3645882269351624,-0.06921364143108526,-0.3835201634208818,0.6892441478728164,-0.7164801708821787,-1.6325116659989423
563,SUNY at Stony Brook,No,4712,57,Low,1.7863603747954138,0.198039873680471,0.9374922384855373,-0.9783909818319576,0.4496014388117548,-0.00765221982654528,1.2632379969775114,-0.9021518863751771,-1.515783424979524,1.1231224297181959,-1.2920441516015004,-1.6325116659989423
564,SUNY College  at Brockport,No,4460,49,Low,1.341540706917871,-1.6267810138219474,0.9438865601608433,-0.9783909818319576,-0.22919460395165178,-1.0836490146291111,0.09569733284866458,1.2221083447673498,-0.488944521318963,-0.666840680779818,-1.7570796523026286,-1.6325116659989423
565,SUNY College  at Oswego,No,4810,63,Low,1.4189414712458803,-0.4994689411839058,0.6254175275588532,-0.9783909818319576,-0.22919460395165178,0.4565508868862356,0.257675656251106,1.876973454820548,0.13667737956055104,-1.3907775331212162,-1.2069154419293988,-1.6325116659989423
566,SUNY College at Buffalo,No,4040,42,Low,1.072877101764658,-1.4730544512765091,1.2601087892710836,-0.9783909818319576,0.12366360001576766,0.043338678855854074,-0.2823735232374524,1.1544809953716806,-0.7227012651918747,-0.30780338082563335,-0.5847587973795416,-1.6325116659989423
567,SUNY College at Cortland,No,4680,53,Low,1.4071634866579477,-1.7978331880954055,0.016345607613812076,-0.9783909818319576,0.6339700077405098,0.11608006943689543,0.257675656251106,0.9490194931800559,-0.1911203270674524,-1.2169946134274676,-2.0461777936479044,-1.6325116659989423
568,SUNY College at Fredonia,No,4420,66,Low,0.9981827530464761,-0.8676768730139962,-0.0773102951228446,-0.9783909818319576,0.573380124094607,0.42982502824679936,0.6902976719925955,0.5973594417391942,-0.9955858819980911,-0.7542405906553452,-1.178255007277525,-1.6325116659989423
569,SUNY College at Geneseo,No,4170,76,Low,1.4789740600804508,1.4803479884652577,-0.5061565996033313,-0.9783909818319576,0.4496014388117548,-1.2442682363007727,0.17590711389826055,1.2445583091192327,0.4095619963667674,-1.1286125511079992,-1.4716028469047506,-1.6325116659989423
570,SUNY College at New Paltz,No,4240,53,Low,1.45950769883696,-0.33923404372499044,1.0027185020687803,-0.9783909818319576,0.12366360001576766,0.4565508868862356,0.9692990979140862,0.35589122750062596,-1.3233835886260938,-0.6776664383562532,-2.157916891228818,-1.6325116659989423
571,SUNY College at Plattsburgh,No,4176,65,Low,1.1093939066627876,-1.3330274833513371,0.2196986185995944,-0.9783909818319576,0.4496014388117548,0.28219421603125683,0.6902976719925955,0.9720449849419154,-0.28448920152158647,-0.8845111848104228,-0.6885675167292421,-1.6325116659989423
572,SUNY College at Potsdam,No,4660,59,Low,0.613735944085595,-0.5849046607537622,-0.22602859273297296,-0.882894295265492,-0.22919460395165178,-0.3812772017711419,-0.49125343790260845,0.30686892312721886,-0.1911203270674524,-0.7570652537230624,-0.13782155649778083,-1.6325116659989423
573,SUNY College at Purchase,No,4760,46,Low,0.25432320887906473,-1.9916231295773121,0.984254190249719,-0.9783909818319576,2.916017286610534,0.25483800185277866,1.6789026453905742,0.25759334859915667,-1.3233835886260938,-0.07856227609419546,-1.0232005345405353,-1.6325116659989423
574,Susquehanna University,Yes,4710,90,High,0.244282081049931,0.198039873680471,-0.43120597387557275,1.3322527997760973,-1.0385747644227592,-0.8317407990918481,0.3410143789166373,0.0072451478867492135,1.0294623131395182,0.5583058534634948,-0.17382352004918422,0.6125530498969481
575,Sweet Briar College,Yes,6000,61,High,-1.227079560409666,0.6753287453312369,-1.1985700260580423,1.020450391961321,-0.22919460395165178,-1.401605755600841,1.572409762644023,-2.137636272968848,1.44475647114785,1.7214010175504493,0.8380573423799045,0.6125530498969481
576,Syracuse University,Yes,6870,67,High,1.6419665442977596,0.25645415555414425,-0.6332185184089391,1.1474192813515067,0.6639513463629468,-0.46424287831652455,0.17590711389826055,-0.678954128340758,-0.601645107695158,1.1981438371991933,-0.36719635838691744,0.6125530498969481
577,Tabor College,Yes,3410,53,Low,-1.8427375389751801,-0.33923404372499044,-1.237306247971012,-0.5697016908076238,-1.0385747644227592,0.4565508868862356,-0.8104772611976783,-1.0450179270912499,-0.3835201634208818,-0.4140516721976623,-0.23716504713706033,0.6125530498969481
578,Talladega College,Yes,2964,46,Low,0.9115288890098893,0.36877700770497224,-0.6235905241576436,-1.2878473531290053,2.4385556153715937,0.312205196159577,-1.4375163915219222,0.40466484905643546,-1.515783424979524,-0.9896674010694988,-2.7692131472192787,0.6125530498969481
579,Taylor University,Yes,4000,98,Medium,0.08719482495164439,0.9029060992795954,-0.838179008436299,0.25471754310896405,-0.6142542984789046,0.07669669114387123,-1.2983753500580535,0.08306456383049592,0.7990089285165864,-0.038594997356111944,-0.8817800126741949,0.6125530498969481
580,Tennessee Wesleyan College,Yes,3640,36,Low,-1.9528843614414237,-1.6267810138219474,-0.21828095609480458,-0.8090303493988387,-1.0385747644227592,2.0619860652872988,-1.094880026424442,-1.369500489443994,-0.28448920152158647,-0.8290283365347231,0.25546050323242964,0.6125530498969481
581,Texas A&M Univ. at College Station,No,3412,69,Low,1.9034682499601785,1.2273850455284772,1.4831034831862215,-1.4912463226655417,0.4496014388117548,1.2158116761978393,0.7816568116943878,2.108250754738143,0.643318740239679,0.016884968290874706,-0.13724506434644135,-1.6325116659989423
582,Texas A&M University at Galveston,No,3122,43,Low,-1.0886159075924662,-0.12094221917214981,-0.5557012352251399,-1.599028835489449,0.4496014388117548,-1.2442682363007727,0.5124477851823425,0.8564097284492168,-0.28448920152158647,-0.7669836450553219,1.1042507667611514,-1.6325116659989423
583,Texas Christian University,Yes,3320,64,Low,0.8459466419622024,0.5272445442404737,0.4376284009360427,-0.38475479592957745,0.7526774067369609,1.4597682930680178,0.9692990979140862,0.23285911133526935,0.2788113855351543,0.2163464034621041,0.03377233310726897,0.6125530498969481
584,Texas Lutheran College,Yes,3410,50,Low,-1.1522456048172003,0.198039873680471,0.15363632488925247,-0.5697016908076238,-0.3034345775074198,0.7203062079932,-1.4375163915219222,-0.01816912301826551,0.34549454598816776,-0.5072473790268333,0.7086557356879205,0.6125530498969481
585,Texas Southern University,No,3360,10,Low,0.8977841270140339,-0.6744109272506594,1.5633690716498798,-0.5667371044636497,0.4496014388117548,0.7203062079932,-0.49125343790260845,1.0408230523290256,0.13667737956055104,-2.821994352340844,-0.0006276084901261414,-1.6325116659989423
586,Texas Wesleyan University,Yes,3484,43,Low,-0.9746050725961619,-0.33923404372499044,0.09569071633753559,-1.0288789635676354,0.4496014388117548,0.8415717373961827,0.09569733284866458,0.15826329539749745,-0.9955858819980911,-0.15659349686463633,0.6758492505194044,0.6125530498969481
587,The Citadel,No,2439,84,Low,-0.06744098301739665,-0.9727316677869279,-0.08995891108504171,-0.8090303493988387,-1.0385747644227592,-0.8849448524356244,1.0656043502924986,0.7864078276084672,-0.1911203270674524,-0.22331900456756312,0.5514775764210138,-1.6325116659989423
588,Thiel College,Yes,4958,60,Medium,-0.317128814435353,-0.6744109272506594,-0.5304503828713001,0.3037060109335167,1.0360807080301793,0.23641393781517522,-0.42309620655881086,-0.5968513856813776,-0.28448920152158647,0.22398473987832015,0.5248814318233085,0.6125530498969481
589,Tiffin University,Yes,3800,39,Low,-0.6201375737106223,-1.9916231295773121,0.025416014696842872,-0.6446369254313378,0.4496014388117548,-0.00765221982654528,-0.5579571392876599,1.2221083447673498,1.1535860970634626,-1.5116766930691108,0.8279163675814561,0.6125530498969481
590,Transylvania University,Yes,4450,70,Medium,-0.7260963939034997,1.51453184767177,-1.085677159518967,0.23920946386148842,-0.22919460395165178,-0.3812772017711419,0.7816568116943878,-0.46182603876526157,1.1929497028195202,0.48285505193510053,1.45260677884351,0.6125530498969481
591,Trenton State College,No,5411,81,Low,1.026947655515077,1.4457068812376728,0.651254394843613,-1.390543829442274,1.0360807080301793,-0.3812772017711419,0.42593464953116233,0.1332649014169348,-1.7339083692537995,0.027031275377754453,-1.9616422465827439,-1.6325116659989423
592,Tri-State University,Yes,4350,65,Low,-0.23140847578379614,-0.7684736752694479,-0.732918811609382,-0.1222097745492471,-0.471524937384209,0.19439905276860872,-1.644788026270866,-0.27638263533977814,0.34549454598816776,-0.27396788201209227,0.8590576945569994,0.6125530498969481
593,Trinity College CT,Yes,5690,91,High,0.5872214750837073,1.1106782881401172,-0.20054132061807564,1.8026950754757651,-0.22919460395165178,-1.1551642114565446,1.2632379969775114,-0.9305096236198228,1.44475647114785,1.6363654699319259,-1.0813043418270203,0.6125530498969481
594,Trinity College DC,Yes,6430,96,Medium,-1.8853559916102351,-0.33923404372499044,0.41588924474493266,0.35976342735151595,-0.22919460395165178,-0.5948985251698026,0.9692990979140862,-1.5530655010797425,1.0294623131395182,0.8104958464425079,0.12417233405067438,0.6125530498969481
595,Trinity College VT,Yes,5208,78,Medium,-2.00055915787432,-0.5849046607537622,0.3050537513708809,0.2654185600150785,0.12366360001576766,-1.7565250579131289,-0.2823735232374524,-0.9305096236198228,0.47121122188858366,0.3293215174450673,0.5877564781535826,0.6125530498969481
596,Trinity University,Yes,5150,93,Medium,0.3777719728931199,1.679056928777311,-0.7502317576043802,0.5474170329275873,-0.22919460395165178,-1.7955587088891278,1.2632379969775114,-1.1613227117968303,0.060686441260878146,1.2619120716227314,0.018794836291012335,0.6125530498969481
597,Tulane University,Yes,5950,74,High,1.310870190269956,1.1501937769220463,1.0298871131062564,1.8409611002200532,-1.5119094043589478,-0.8317407990918481,1.467641878959388,-1.30939079992417,0.13667737956055104,1.5238657445285946,-0.1239390605091883,0.6125530498969481
598,Tusculum College,Yes,3400,52,Low,-0.9183662010257124,-0.9727316677869279,-1.2111897817628978,-0.6144713011269087,-0.6142542984789046,-0.8317407990918481,-0.8104772611976783,1.8557276207949032,0.5879401964775927,-1.6245426270447867,-1.0385640967189325,0.6125530498969481
599,Tuskegee University,Yes,3395,65,Low,0.3162626291529095,-0.26378841421379556,-0.514152903346714,-0.917157851130666,0.4496014388117548,0.3491656002873211,-0.5579571392876599,-0.43508339754859443,-1.515783424979524,0.6265873133132587,0.401220991466221,0.6125530498969481
600,Union College KY,Yes,2950,64,Low,-1.1793612904171196,-1.3330274833513371,-0.8587961830100912,-0.5845619581984871,-0.22919460395165178,-1.401605755600841,0.5124477851823425,0.05786129345554121,-1.1512760702749985,-0.5652181185301068,0.316039497202013,0.6125530498969481
601,Union College NY,Yes,6204,88,High,0.7062526533284451,1.2273850455284772,-0.604764230107224,1.7896481341489054,-0.6142542984789046,-0.3329609009039024,1.2632379969775114,-0.624126161709994,1.4777578075468099,1.3518622230407256,-1.7487682820367652,0.6125530498969481
602,Univ. of Wisconsin at OshKosh,No,2394,56,Low,0.9843997751079174,-0.7684736752694479,0.9997527921623472,-0.871873541906288,-0.0987631367899,0.9454905473219642,-0.2823735232374524,1.2669625914791949,-0.488944521318963,-1.0264983763894133,-0.9711025806677062,-1.6325116659989423
603,University of Alabama at Birmingham,No,5175,33,Low,0.10182057306711664,0.012544204192919675,1.8960902946938598,-1.7748036637248295,1.3023649764046783,1.2713984993834933,1.2632379969775114,-2.0698170551140302,-0.28448920152158647,1.4620010448623657,-0.3112668066424256,-1.6325116659989423
604,University of Arkansas at Fayetteville,No,3300,39,Low,0.6375048720200318,0.0762022459001068,1.027976391097495,-1.5315158934069488,-0.22919460395165178,1.0664517666812061,0.6005650532112241,0.23285911133526935,-0.9955858819980911,-0.5840809747044814,1.4544269184998055,-1.6325116659989423
605,University of California at Berkeley,No,6246,78,Medium,2.1540767852391087,2.5709000589305027,1.2492110406897878,0.4141362996776658,0.6699229208590908,0.9935325617771239,1.3645882269351624,0.47736869024981177,-0.9955858819980911,1.1541717918852448,-2.256259410353627,-1.6325116659989423
606,University of California at Irvine,No,5302,66,Medium,1.9681957121707359,2.328985093693537,0.6214259639244292,0.49928863075783686,1.5044759215367796,0.8627345908343745,1.2632379969775114,0.5495374102901845,-0.8534518760234878,1.4143155838684662,-0.4117737167333926,-1.6325116659989423
607,University of Central Florida,No,4234,46,Low,1.3052175435901794,0.0762022459001068,2.2468793463130963,-0.9557531780269053,1.0360807080301793,0.5922469197789696,1.467641878959388,1.9193527444940262,-1.1512760702749985,-0.6179852552429494,-2.199632657969515,-1.6325116659989423
608,University of Charleston,Yes,3540,57,Low,-0.8325237385463072,-0.12094221917214981,0.38587964009251285,-0.11067976598596996,-1.0385747644227592,-0.9606431574678058,-1.4375163915219222,-3.742460730362352,-0.9955858819980911,-0.24505494431537653,0.25528853705599996,0.6125530498969481
609,University of Chicago,Yes,6380,90,High,1.2241809018211103,1.8639323064397797,-1.2240971271106287,1.8226980701324427,-0.22919460395165178,0.08330894295855837,1.572409762644023,-2.5630823870244535,0.9858994490492295,2.663735626147283,-1.8671987401035555,0.6125530498969481
610,University of Cincinnati,No,4697,54,Low,1.2892443675858654,0.13799295441079087,1.2307263410435643,-0.2691319034869909,0.16410788671962834,0.901034189327803,1.1635803366973685,-0.8177024914772074,-1.7339083692537995,1.149863584757569,0.4294828231660381,-1.6325116659989423
611,University of Connecticut at Storrs,No,5072,71,Medium,1.5816663329271419,-0.053119072030679226,1.0878884534770616,0.4159667122866196,1.0360807080301793,1.3674797929567895,1.1635803366973685,0.5255397634723626,-0.28448920152158647,0.4733585081742243,-0.05893311263015844,-1.6325116659989423
612,University of Dallas,Yes,6230,63,Medium,-0.8339893849389589,1.0296888476949617,-0.8948021543303762,0.20559989995451983,-0.22919460395165178,-0.00765221982654528,0.9692990979140862,-0.12055104982346956,0.47121122188858366,0.09521586942662225,0.7925245083071198,0.6125530498969481
613,University of Dayton,Yes,4220,93,Medium,1.2259179090010655,0.13799295441079087,0.44271241193270305,0.3523341360290418,-0.22919460395165178,-0.5948985251698026,0.257675656251106,0.23285911133526935,0.4095619963667674,0.1425129941942102,0.5793797076898645,0.6125530498969481
614,University of Delaware,Yes,4230,75,Medium,1.9019196280054242,-0.12094221917214981,1.8649351508193888,0.07320288502927383,-0.013985659609939818,0.15797762173098784,0.42593464953116233,1.0636508731902286,-0.3835201634208818,0.5792501953626854,-0.12907579467556968,0.6125530498969481
615,University of Denver,Yes,4695,67,High,0.5622542939245859,0.31333619614396924,0.32075070354670226,1.1554993163705913,-1.0385747644227592,0.23641393781517522,0.7816568116943878,0.5014836937996885,0.13667737956055104,0.8023405100291697,-0.5040262068043367,0.6125530498969481
616,University of Detroit Mercy,Yes,3996,51,Medium,-0.5293707679268025,0.012544204192919675,1.3043931328760676,0.29381484459649676,0.4496014388117548,1.237807898340134,-0.2097844047463471,-0.0948453587869114,-0.488944521318963,0.6305694250762726,0.28323090738060946,0.6125530498969481
617,University of Dubuque,Yes,3620,45,Medium,-1.0022815955846978,-1.0845174670653988,-0.5687111330584816,0.1252244041664074,-1.0385747644227592,0.4565508868862356,1.467641878959388,0.644953727665646,-0.10280094841912382,0.10577846470789234,1.5089004674570707,0.6125530498969481
618,University of Evansville,Yes,4340,77,Medium,0.244282081049931,0.6270233788095003,0.11975275469968805,0.44877394394675296,1.0360807080301793,-0.46424287831652455,-0.06009188335680806,0.47736869024981177,0.47121122188858366,-0.21061473611401635,0.1961485813504547,0.6125530498969481
619,University of Florida,No,4180,66,Low,1.7820200064627765,1.4105939265800689,1.6089651415369166,-0.8026824351599818,0.6339700077405098,0.4981180852211095,1.3645882269351624,-0.12055104982346956,0.060686441260878146,1.2663835722291878,-0.25116579498628383,-1.6325116659989423
620,University of Georgia,No,3600,63,Low,1.6979222832809273,0.988162936623047,1.4691111622983397,-1.2764776844454513,-0.04910428901620779,0.7877948856950794,1.1635803366973685,0.20805976907672355,0.20928980457225407,-0.17545112803174998,-0.30890955898659656,-1.6325116659989423
621,University of Hartford,Yes,6000,66,High,1.033599111399467,-1.0845174670653988,0.9710219114484215,0.9646028662698491,-0.22919460395165178,0.3710546891202808,-0.42309620655881086,-0.8457496768946343,-1.1512760702749985,0.5738240562129818,0.32781182824189004,0.6125530498969481
622,University of Hawaii at Manoa,No,3038,54,Low,0.7275436445540203,0.6753287453312369,1.368329882162936,-1.7661913464744803,0.9641364521802116,0.1274375069022635,0.42593464953116233,-0.5425747226939661,-1.7339083692537995,0.988440235363227,-0.13490809721059846,-1.6325116659989423
623,University of Illinois - Urbana,No,4574,81,Low,1.9287266128436185,1.3388902885586311,0.6581529004723543,-0.6567761844143085,-0.22919460395165178,1.0470863898888958,0.6902976719925955,0.8564097284492168,-0.601645107695158,0.04380753414159969,0.22477621887653546,-1.6325116659989423
624,University of Illinois at Chicago,No,5088,34,Low,1.4580203798692954,-0.12094221917214981,1.515252290890115,-0.7585730793018401,0.6339700077405098,2.1106196895949076,0.17590711389826055,-1.0450179270912499,-1.7339083692537995,1.1490002206765022,-0.43426440721866766,-1.6325116659989423
625,University of Indianapolis,Yes,4080,69,Medium,-0.07565284704498712,0.13799295441079087,1.081643693841069,0.29145619209003226,-0.04910428901620779,0.31964589887871814,-1.5240531582747878,-0.7341609556836688,0.2788113855351543,-0.6210575300641743,0.7562508729690149,0.6125530498969481
626,University of Kansas,No,3384,57,Low,1.4771364410259105,0.0762022459001068,1.0936448048848129,-0.8332605870500663,1.0360807080301793,1.7012297382962156,1.0656043502924986,-0.043655143285562414,-0.1911203270674524,0.34731247277797805,-0.671501792804724,-1.6325116659989423
627,University of La Verne,Yes,5050,47,High,-0.008478442489941021,-0.5849046607537622,1.0241414034245058,0.8258971276970901,0.6339700077405098,1.3655963955504877,-0.9283307329438812,0.05786129345554121,0.2788113855351543,0.4642702935486643,-0.9534437343817472,0.6125530498969481
628,University of Louisville,No,3600,31,Low,0.9802367365707201,-0.5849046607537622,2.1257389556866326,-0.9817330735241853,-0.013985659609939818,1.4956898406535557,0.8746535950171559,-0.7341609556836688,0.34549454598816776,0.4800816664657346,-0.7277524206298158,-1.6325116659989423
629,University of Maine at Farmington,No,3970,59,Low,-0.2732406406363946,-0.26378841421379556,0.012684336004188881,-0.8926484154358021,-0.6142542984789046,0.6533309979976354,-0.49125343790260845,0.5014836937996885,0.47121122188858366,-1.1308766201470324,-0.5590982899858604,-1.6325116659989423
630,University of Maine at Machias,No,3680,64,Low,-1.2749596351004988,-0.4994689411839058,-0.038717274148092944,-0.9617306099652752,0.4496014388117548,-2.184436020520695,-1.886083615874445,0.30686892312721886,-2.2835393318336408,-1.0082672446914005,0.6108935328299653,-1.6325116659989423
631,University of Maine at Presque Isle,No,3630,35,Low,-1.2293061614043839,-1.204141438433242,0.25713899134578605,-0.9617306099652752,-1.0385747644227592,0.6889587036963648,-0.9851988400469104,0.33141144399481565,-0.8534518760234878,-0.7703009114589587,0.54103066925182,-1.6325116659989423
632,University of Maryland at Baltimore County,No,4408,55,Low,0.8823713300485048,0.198039873680471,1.4239303130077787,-0.35557524157334264,-0.2735815879863188,1.7712431067366756,0.5124477851823425,1.0864302146786269,-1.7339083692537995,-0.26851105265612135,-0.9475001021050891,-1.6325116659989423
633,University of Maryland at College Park,No,5146,63,Low,1.8933442390406037,-0.12094221917214981,1.7638297706054866,-0.3197019196778154,0.12366360001576766,0.5254123188243793,0.8746535950171559,1.0179463816947254,-0.7227012651918747,0.1784472912693755,-0.17138563277534075,-1.6325116659989423
634,University of Massachusetts at Amherst,No,3897,68,Low,1.9014765731048817,-0.9727316677869279,1.2037534001795107,-0.3634083515762952,-0.22919460395165178,0.312205196159577,0.8746535950171559,0.6923240937679698,-0.3835201634208818,0.4959603536936977,0.7678883363024585,-1.6325116659989423
635,University of Massachusetts at Dartmouth,No,4500,56,Low,0.6678207045765958,-1.204141438433242,1.0744479422208497,-0.8573421766588878,-0.22919460395165178,0.07669669114387123,0.6902976719925955,0.2822630870249353,0.060686441260878146,-0.32608655669131337,0.19720548381489222,-1.6325116659989423
636,University of Miami,Yes,6526,59,High,1.3214639619144362,0.9459121453121654,0.6309710856634579,1.4001159381906771,0.6339700077405098,1.050325231713775,1.0656043502924986,-2.346143073205524,-0.1911203270674524,1.583817045441313,0.06340103767390842,0.6125530498969481
637,University of Michigan at Ann Arbor,No,4659,87,High,2.125159158164675,1.803706059890135,0.9310465263508252,1.2581024945757653,-0.409619822098182,0.5922469197789696,1.467641878959388,-0.624126161709994,0.47121122188858366,1.2807418461025049,-0.4848692583787239,-1.6325116659989423
638,University of Minnesota at Duluth,No,3474,53,Low,0.8664525816746766,-0.6744109272506594,0.8838387934629802,-0.29075914612577913,1.317845070314493,1.6425156223150197,0.7816568116943878,1.2221083447673498,-0.8534518760234878,-0.7774281956073531,-0.008309685212503809,-1.6325116659989423
639,University of Minnesota at Morris,No,3180,51,Low,-0.09425256616303225,1.4803479884652577,-0.4751279270605344,-0.021978603319396817,0.4496014388117548,0.4565508868862356,-0.2823735232374524,0.18319470580243497,-0.28448920152158647,-0.6294214451008259,-1.0031778699438643,-1.6325116659989423
640,University of Minnesota Twin Cities,No,3744,45,Low,1.6857728490650135,0.13799295441079087,3.2524642046034367,-0.25768515161973504,1.1122688326987837,1.8812561367765623,0.6902976719925955,-0.43508339754859443,1.0294623131395182,1.4359985453353274,-1.1443034448935359,-1.6325116659989423
641,University of Mississippi,No,3810,53,Low,0.7903680102767691,0.13799295441079087,0.5718300632983055,-1.576356528629399,0.4496014388117548,-1.5715860927236942,0.3410143789166373,1.5104862816404498,-0.488944521318963,-0.5201155153615293,0.9056923527935123,-1.6325116659989423
642,University of Missouri at Columbia,No,3485,58,Low,1.2538478012363397,0.47565884296982563,1.0529361064663345,-0.2284118035104657,0.4496014388117548,1.048166507877191,0.42593464953116233,-0.3026284436876267,-0.3835201634208818,0.4656719870601792,-0.2827936813098539,-1.6325116659989423
643,University of Missouri at Rolla,No,3600,49,Low,0.1422982651317677,1.2273850455284772,0.329065917599015,-0.2284118035104657,1.0360807080301793,0.36378188001883055,0.5124477851823425,0.1332649014169348,0.2788113855351543,0.35785927255382755,1.5366469053956007,-1.6325116659989423
644,University of Missouri at Saint Louis,No,3964,48,Low,0.0037804482995668913,-0.4176946998854469,1.8703220848959314,-0.7535678506216162,-0.22919460395165178,2.747713674127531,-0.6232192944825511,-0.12055104982346956,-0.3835201634208818,-0.7584791088067386,-0.2839013122380045,-1.6325116659989423
645,University of Mobile,Yes,3680,52,Low,-1.2495818464229371,-0.4994689411839058,-0.0710718240156468,-1.114782106305295,0.12366360001576766,-0.00765221982654528,-1.199238322126377,0.6686666659070805,-2.2835393318336408,-1.3079760463631385,-0.09949594681348622,0.6125530498969481
646,University of Montevallo,No,3030,51,Low,-0.16648594954451773,-0.4176946998854469,-0.011592516330413196,-1.7748036637248295,-2.048308048513365,-1.401605755600841,-0.6870519494859656,1.199612364107489,-1.3233835886260938,-1.0362158831679293,-0.589595925871055,-1.6325116659989423
647,University of Nebraska at Lincoln,No,3145,53,Low,1.214626333025593,0.5272445442404737,1.5809028788708568,-1.3140424282305818,-0.22919460395165178,1.1402587274106692,0.8746535950171559,0.30686892312721886,1.44475647114785,-0.5870991959979281,1.4245423219433517,-1.6325116659989423
648,University of New England,Yes,5045,64,Medium,-0.27244787384539554,-0.33923404372499044,-0.4564648167414973,0.36856795693331235,2.0175449906937217,1.5485627320659798,-0.49125343790260845,-0.6514933665420357,-0.601645107695158,0.36260733366636055,-0.8610365113216508,0.6125530498969481
649,University of New Hampshire,No,3862,75,Medium,1.5829335638386206,0.012544204192919675,0.9305070365698839,0.30558727170858363,0.7526774067369609,1.5045850058589711,0.42593464953116233,0.8796391417393978,-0.28448920152158647,-0.18443646192021781,0.24938595237866734,-1.6325116659989423
650,University of North Carolina at Asheville,No,3420,37,Low,0.08085045117402528,0.47565884296982563,0.776141974438627,-1.1773533231047917,0.4496014388117548,-0.9606431574678058,0.09569733284866458,-0.22412911897517035,-0.8534518760234878,-0.5035279145150072,-1.290585207665746,-1.6325116659989423
651,University of North Carolina at Chapel Hill,No,4200,83,Low,1.9101785148510182,2.0648660712522746,0.790436055678339,-0.4101964618018937,0.12366360001576766,-0.00765221982654528,0.9692990979140862,-1.369500489443994,0.2788113855351543,1.4095343761426407,-2.291583082398756,-1.6325116659989423
652,University of North Carolina at Charlotte,No,3109,62,Low,1.1477098741758314,-0.33923404372499044,1.60148876273568,-0.7529427077266196,0.4496014388117548,0.9567527520585001,0.7816568116943878,0.7159264724323379,-1.515783424979524,-0.8580640794937283,0.12493165583940233,-1.6325116659989423
653,University of North Carolina at Greensboro,No,3505,53,Low,1.0520685344360623,-0.6744109272506594,1.167043766862385,-0.3324537252623455,0.4496014388117548,0.15797762173098784,1.0656043502924986,0.40466484905643546,-0.1911203270674524,-0.35252900877679394,0.3363777945293655,-1.6325116659989423
654,University of North Carolina at Wilmington,No,3680,55,Low,1.1862343630205139,-0.6744109272506594,0.8188888569780046,-0.6573842538354958,-0.22919460395165178,0.4565508868862356,0.257675656251106,1.2445583091192327,-0.3835201634208818,-0.9712349854807707,-0.7603399619273846,-1.6325116659989423
655,University of North Dakota,No,2703,49,Low,0.5006033498546354,-0.26378841421379556,0.9812197988315347,-1.2996267317241954,-0.6142542984789046,-0.00765221982654528,1.3645882269351624,0.5014836937996885,-0.28448920152158647,0.2874915341308527,0.4281299637334103,-1.6325116659989423
656,University of North Florida,No,4360,47,Low,0.1033730990116357,1.0296888476949617,1.6786500776951618,-0.9504488650286551,0.4496014388117548,1.6374863249391096,0.257675656251106,0.9490194931800559,-0.488944521318963,-0.9199828281061587,-0.3456694310072859,-1.6325116659989423
657,University of North Texas,No,3579,35,Low,0.9123186057535869,-0.053119072030679226,1.9689604177853834,-1.9234648853065526,-0.6142542984789046,0.7203062079932,1.0656043502924986,2.003668322895578,-1.7339083692537995,-1.1622575725283306,-0.8667252940014962,-1.6325116659989423
658,University of Northern Colorado,No,4128,40,Low,1.1064524621969363,-0.9727316677869279,1.0125264502231293,-0.6051722523969272,0.05539420530459683,1.3542640371372097,-0.49125343790260845,1.77036409877175,-1.3233835886260938,-0.817822915513436,-0.15192637362707953,-1.6325116659989423
659,University of Northern Iowa,No,2930,77,Low,0.8563696740797486,-0.4176946998854469,0.9877799560609121,-1.0984595018104284,0.4180956600883189,1.4415991469202754,0.017034841871698108,0.5973594417391942,0.47121122188858366,-0.8061972791490072,0.4657397810257668,-1.6325116659989423
660,University of Notre Dame,Yes,4400,97,High,1.3869841224734116,2.1734851596189424,-1.3559697713457743,1.4633967085260513,0.4496014388117548,0.23641393781517522,0.8746535950171559,-0.19811971386291968,1.3766836801623437,1.156606757571207,-1.8121871023693927,0.6125530498969481
661,University of Oklahoma,No,3526,44,Low,0.9740431269899137,0.47565884296982563,1.420951220455852,-1.4744275276540912,1.3792330121720673,2.074586466416753,0.6902976719925955,-0.624126161709994,-0.8534518760234878,0.4886168372633184,0.6128545482168315,-1.6325116659989423
662,University of Oregon,No,3660,54,Medium,1.482155384345657,0.0762022459001068,1.0630761275558531,0.16732222950470935,0.25701902020397904,0.4981180852211095,0.42593464953116233,1.3783101875984973,-0.601645107695158,-0.1281785155941576,0.2248255985948487,-1.6325116659989423
663,University of Pennsylvania,Yes,7270,93,High,1.7786993073752826,2.328985093693537,0.292746144112666,1.4938217847884743,-0.22919460395165178,0.5172584530950762,1.2632379969775114,-2.2062723673128977,1.0718935453228027,2.1988245433575635,-2.2093032311272927,0.6125530498969481
664,University of Pittsburgh-Main Campus,No,4560,66,Medium,1.4778139660611496,0.0762022459001068,1.8219643856937933,0.21186330651465665,-1.0385747644227592,-0.5948985251698026,0.9692990979140862,-1.7100169908089118,-0.9955858819980911,1.135398617568594,-0.023863720517422086,-1.6325116659989423
665,University of Portland,Yes,4100,72,Medium,0.08138092185484523,0.198039873680471,-0.4034882675830814,0.5028730839628114,0.4496014388117548,-0.1865912067306211,1.2632379969775114,-0.17218743851993387,-0.1911203270674524,0.18932604159259533,0.6651432139312449,0.6125530498969481
666,University of Puget Sound,Yes,4500,63,High,0.8349551115263926,1.3022664532279355,-0.5387571005957343,1.3506941821244227,0.6339700077405098,0.8415717373961827,0.3410143789166373,0.2822630870249353,-0.1911203270674524,0.6972660152165873,-0.32729000471534775,0.6125530498969481
667,University of Rhode Island,No,5558,63,Medium,1.5738478708243762,-0.9727316677869279,1.3824958654948323,0.1005389202805534,-0.22919460395165178,0.07669669114387123,0.6005650532112241,0.6686666659070805,-1.515783424979524,0.2163464034621041,0.3868314449009667,-1.6325116659989423
668,University of Richmond,Yes,3285,100,High,1.1607114578609086,1.1106782881401172,0.36704908313466583,1.020450391961321,1.0360807080301793,-0.14048620591693523,0.6005650532112241,-0.5696679334896112,0.7990089285165864,0.8430153646734599,-1.9429001090978628,0.6125530498969481
669,University of Rochester,Yes,6582,80,High,1.4950353859355894,1.4803479884652577,0.16704809671101373,1.6378403162054325,-0.22919460395165178,-0.6356698513100274,1.572409762644023,-2.346143073205524,0.2788113855351543,2.213788440103223,-0.8144503885205852,0.6125530498969481
670,University of San Diego,Yes,5940,66,High,0.8107329236340329,0.8591123720558881,-0.2717006389429033,0.838317490089668,0.6339700077405098,0.8650740304062,1.2632379969775114,0.428959798578832,-0.601645107695158,0.61415308662375,-0.35172321528957534,0.6125530498969481
671,University of San Francisco,Yes,6452,62,High,0.3318634109292245,-0.053119072030679226,0.3147530959025514,0.7603004064397543,1.3023649764046783,1.5045850058589711,0.3410143789166373,-0.06921364143108526,-1.3233835886260938,0.4490028329006062,-0.004174865162930047,0.6125530498969481
672,University of Sci. and Arts of Oklahoma,No,1920,43,Low,-1.7322644525300053,-0.19109950858549554,0.21694879707057937,-2.1195393840046264,0.4496014388117548,0.8415717373961827,-0.3534735225728778,2.2119561203041362,-2.6480466865381658,-2.5392754565130695,1.6021336647549942,-1.6325116659989423
673,University of Scranton,Yes,5986,92,Medium,0.9227105251409022,0.31333619614396924,0.24398810214401276,0.39946318106852335,0.7526774067369609,-0.8317407990918481,0.09569733284866458,0.05786129345554121,1.1929497028195202,0.2089466743366208,-0.6047876594014111,0.6125530498969481
674,University of South Carolina at Aiken,No,3066,48,Low,-0.616653093491111,-0.7684736752694479,0.9694810385266642,-1.2389903799716608,-0.22919460395165178,0.4565508868862356,-1.2494530951634284,0.23285911133526935,-2.6480466865381658,-1.5532545669888163,-0.5887409247304091,-1.6325116659989423
675,University of South Carolina at Columbia,No,3522,63,Low,1.386222588573311,0.36877700770497224,1.6946987371280091,-0.5038802371615055,-0.2661512550778774,1.9046106872034074,0.5124477851823425,0.7394742565334039,-0.10280094841912382,-0.05395620976923277,0.06090953249709589,-1.6325116659989423
676,University of South Florida,No,3776,47,Low,1.3748199923546507,0.31333619614396924,2.6185736703687863,-0.9089682066528192,-0.22919460395165178,1.251698039480714,0.6005650532112241,0.7629678942848173,-1.515783424979524,0.6573253129758854,-0.8895546762860943,-1.6325116659989423
677,University of Southern California,Yes,6482,68,High,1.7678545710848466,1.0705183742130722,0.9781739521328114,1.5311313223741756,0.4496014388117548,1.2811866249079942,1.0656043502924986,-0.6514933665420357,-0.9955858819980911,1.5330591112214533,-0.35386999605141894,0.6125530498969481
678,University of Southern Colorado,No,4380,36,Low,-0.13199582138031465,-1.204141438433242,0.45277792208088763,-0.7995128887962806,0.05539420530459683,1.9098527387748283,0.5124477851823425,1.311635426781892,-4.9125732096554495,-1.3221782583180777,0.9349113863279164,-1.6325116659989423
679,University of Southern Indiana,No,3192,38,Low,0.3603184336402384,-1.4730544512765091,1.5303638653428286,-1.5534529351748267,-0.22919460395165178,0.3491656002873211,-1.094880026424442,1.876973454820548,0.13667737956055104,-2.3268517349236117,1.018082353843329,-1.6325116659989423
680,University of Southern Mississippi,No,2470,45,Low,0.5239804045600823,-0.26378841421379556,0.9565244377437804,-1.6847754130645567,-0.22919460395165178,-1.7565250579131289,1.572409762644023,1.1544809953716806,0.2788113855351543,-1.0178988938272266,-0.20226434247010575,-1.6325116659989423
681,University of St. Thomas MN,Yes,4037,89,Medium,0.2269826182998523,0.13799295441079087,0.7105180798928984,0.42875654929857027,-0.22919460395165178,-0.8317407990918481,-0.13569442115241218,-0.01816912301826551,-0.601645107695158,0.03985726900059851,0.8947470631232055,0.6125530498969481
682,University of St. Thomas TX,Yes,4050,62,Low,-1.4458764097899997,1.0705183742130722,0.12132832457478428,-0.3678919688749014,-0.22919460395165178,0.2271449706872563,-0.49125343790260845,-0.32895477682173185,-0.1911203270674524,-0.4124784087610107,0.011804662546300276,0.6125530498969481
683,University of Tennessee at Knoxville,No,3262,53,Low,1.3619022597432784,0.198039873680471,1.597118140972811,-1.2520426511540854,1.3023649764046783,2.1596345531974963,0.8746535950171559,0.644953727665646,0.20928980457225407,0.05981717941080201,-0.19096191888104355,-1.6325116659989423
684,University of Texas at Arlington,No,2780,29,Low,0.6500902426135577,-0.33923404372499044,2.388224786420693,-1.7825765665070616,-0.22919460395165178,1.835391852364468,-0.6232192944825511,1.6627857007207911,-2.2835393318336408,-1.7993194686264251,0.2245942779771011,-1.6325116659989423
685,University of Texas at Austin,No,3309,65,Low,1.918671725345824,1.1890885687490678,1.9777529181559237,-1.4912463226655417,0.7526774067369609,2.0493189898022868,1.572409762644023,1.3783101875984973,-0.8534518760234878,-0.19068399473295702,-0.6670774161687403,-1.6325116659989423
686,University of Texas at San Antonio,No,5376,50,Low,0.871655157960162,-0.4994689411839058,2.0194303777946265,-1.9234648853065526,-0.5981523356384145,-0.00765221982654528,1.6789026453905742,2.558329993904478,-2.6480466865381658,-2.0986091536251283,-0.080321174839006,-1.6325116659989423
687,University of the Arts,Yes,3860,57,Medium,-0.4811509720206483,-1.9916231295773121,-1.2240971271106287,0.6089823530815687,3.512099677367599,-1.0977621252034493,-1.392393977623881,-1.8060687546710883,-1.1512760702749985,0.7796686482835663,-0.1641740441525978,0.6125530498969481
688,University of the Pacific,Yes,5326,65,High,0.39044566200381575,0.6753287453312369,-0.07522454097749359,1.3672277109105082,0.7291929884175526,-0.05807801670378678,1.0656043502924986,-0.7065095991630397,-0.488944521318963,1.1232692570039629,0.44344862635541926,0.6125530498969481
689,University of the South,Yes,4080,82,High,-0.10271960516114491,1.1106782881401172,-1.465469585892367,1.1857648649065937,-0.6142542984789046,-0.8068585571916935,0.9692990979140862,-0.9589736432806002,1.5729406861767377,1.7062460323877648,-0.5334059477945123,0.6125530498969481
690,University of Tulsa,Yes,4160,47,Medium,0.05663802551392852,0.9029060992795954,0.1596281147257215,0.43741250359800665,3.1807271541080584,1.414078599409163,1.2632379969775114,-0.624126161709994,-0.9955858819980911,0.7988043253147374,1.105610252154537,0.6125530498969481
691,University of Utah,No,3975,37,Low,1.035973463780245,0.198039873680471,2.3823512167059246,-0.8773794311609286,1.828453052055803,2.015924126782694,0.9692990979140862,-0.27638263533977814,-1.1512760702749985,0.24802714923230915,0.9150765495999008,-1.6325116659989423
692,University of Vermont,No,4928,79,High,1.3829504306508027,-0.4176946998854469,1.09408592976419,1.2173431840931404,-0.22919460395165178,-0.4017265651497323,0.6902976719925955,-1.073921779837255,-0.9955858819980911,0.9577060506819293,0.25236127462798846,-1.6325116659989423
693,University of Virginia,No,3792,95,Medium,1.9758035359005233,2.0370399630211056,-0.6479423263493428,0.5412098077298563,-0.22919460395165178,-0.3812772017711419,0.8746535950171559,-1.1906916694765606,0.20928980457225407,1.1071671701038726,-2.770041975669376,-1.6325116659989423
694,University of Washington,No,4218,65,Low,1.8015159477585478,0.8591123720558881,1.8756771189773525,-0.4676698588996494,1.0797775867330288,1.243770964974812,1.0656043502924986,-1.3393806834015396,-0.9955858819980911,1.4814106603664448,-1.3325972822266665,-1.6325116659989423
695,University of West Florida,No,3994,53,Low,-0.0317106873940475,-0.26378841421379556,1.389026771334982,-1.1071315738160605,0.06227048182801191,0.29274360159666124,0.42593464953116233,2.170577547237422,-0.7227012651918747,0.02211945202531267,0.3941952646414049,-1.6325116659989423
696,University of Wisconsin-Stout,No,2592,65,Low,0.4386268984316069,-1.3330274833513371,0.3500261225173067,-0.9273407935340335,-1.2589193954083842,0.7817410839369686,-0.2823735232374524,1.6627857007207911,-0.1911203270674524,-0.8447241080128497,0.07664439604101742,-1.6325116659989423
697,University of Wisconsin-Superior,No,2780,36,Low,-0.5474611200147478,-0.7684736752694479,0.1353539347196105,-0.8211239634243728,0.12366360001576766,1.0231952294513176,-0.06009188335680806,0.33141144399481565,-0.3835201634208818,-0.7317884572654983,1.7214721572963374,-1.6325116659989423
698,University of Wisconsin-Whitewater,No,2500,67,Low,0.9087588221610478,-0.9727316677869279,1.038430181785303,-0.8473677622787218,-2.048308048513365,-0.00765221982654528,1.1635803366973685,2.108250754738143,-0.28448920152158647,-1.219355471434884,0.6686625516196788,-1.6325116659989423
699,University of Wisconsin at Green Bay,No,2800,46,Low,0.3717417650464062,-0.4994689411839058,0.9353494207732556,-0.8634700462138203,-0.41730816701513435,-0.00765221982654528,0.6005650532112241,1.9193527444940262,-3.780309948096807,-0.9907257152741089,0.39433300612050926,-1.6325116659989423
700,University of Wisconsin at Madison,No,4290,72,Low,1.9266943452377918,0.6753287453312369,1.298552701911597,-0.2178972462594531,0.02084550283626957,0.5186194658227147,1.2632379969775114,-0.624126161709994,0.060686441260878146,0.6544449876927284,-0.09037303316776381,-1.6325116659989423
701,University of Wisconsin at Milwaukee,No,2964,38,Low,1.0608181148707052,-0.9727316677869279,2.280932061548262,-0.30230897296444437,0.25701902020397904,1.044924639322029,0.42593464953116233,0.5014836937996885,-1.3233835886260938,-0.10352393028675051,-0.17497214808891226,-1.6325116659989423
702,University of Wyoming,No,3422,45,Low,0.21434407664867683,-0.053119072030679226,1.0076373263739007,-1.1716792315197047,0.4496014388117548,0.4565508868862356,1.0656043502924986,0.30686892312721886,-0.601645107695158,0.09933151396378874,0.001621560745622452,-1.6325116659989423
703,Upper Iowa University,Yes,3060,78,Low,-0.860773093312069,-1.204141438433242,0.828149400581551,-0.28746582809359006,-0.22919460395165178,-0.3812772017711419,-0.49125343790260845,0.8564097284492168,-0.019012808716357025,-2.6784908500550824,-0.44336049699435315,0.6125530498969481
704,Ursinus College,Yes,5160,79,High,-0.13334990565920227,1.0296888476949617,-1.6300098433684191,1.0990167288974393,-0.22919460395165178,-0.8317407990918481,0.257675656251106,-0.5968513856813776,1.1535860970634626,0.8606032100591418,-0.09214877903067184,0.6125530498969481
705,Ursuline College,Yes,4202,68,Low,-1.5931551764561331,-0.19109950858549554,0.49363718366196885,-0.08460505394541436,-0.6142542984789046,-0.9606431574678058,-0.8700943318940553,-0.9021518863751771,-0.3835201634208818,-0.44140340582471227,0.36101334232503157,0.6125530498969481
706,Valley City State University,No,2570,40,Low,-1.4627613637733385,-1.9916231295773121,-0.35447844349622465,-1.841988007894096,0.4496014388117548,1.0664517666812061,-2.0259049331637793,0.25759334859915667,0.4095619963667674,-1.6068609646885224,1.2778442828491725,-1.6325116659989423
707,Valparaiso University,Yes,3260,95,Medium,0.2350103194484845,1.2273850455284772,-0.32673037966355195,0.44877394394675296,-0.22919460395165178,-0.8317407990918481,0.6005650532112241,0.08306456383049592,0.2788113855351543,0.35334785739194335,0.5806536811276278,0.6125530498969481
708,Vanderbilt University,Yes,6525,83,High,1.396817016797854,1.9518471386888567,-0.7802129707146086,1.6421621456787272,0.6339700077405098,-0.48121934125058263,1.467641878959388,-2.3816814923102925,0.47121122188858366,2.086116857227021,-0.9859997880418867,0.6125530498969481
709,Vassar College,Yes,5950,90,High,0.7200916930302234,1.3749937779595973,-0.8658275684892792,1.8210343410506773,0.4496014388117548,-0.8317407990918481,1.467641878959388,-1.1320725358242625,1.113250452842285,1.5416579658826153,-1.4842286841783032,0.6125530498969481
710,Villanova University,Yes,6507,96,High,1.3933734063821779,0.36877700770497224,0.9052889887185018,1.2942118236738287,-1.0385747644227592,-2.725770466958715,0.6902976719925955,-0.12055104982346956,0.34549454598816776,0.5370655983636554,-0.18183760382152905,0.6125530498969481
711,Virginia Commonwealth University,No,4182,45,Medium,1.0133034099656382,-0.4176946998854469,1.9578089847886828,0.07245465519769007,-0.22919460395165178,2.372329187636397,0.42593464953116233,-1.4301380535654642,-0.8534518760234878,0.6904502486773414,-0.28782929620752595,-1.6325116659989423
712,Virginia State University,No,4845,31,Low,0.5688657540509334,-2.8396721073260265,0.0015842584992138706,-1.3170076473510206,-0.22919460395165178,-1.401605755600841,-1.199238322126377,0.5255397634723626,-0.8534518760234878,-1.1190174526595997,0.4590971554204258,-1.6325116659989423
713,Virginia Tech,No,3176,73,Medium,1.9689043682904894,0.31333619614396924,0.3781837802336848,0.0831655239039672,1.250372073686777,1.2713984993834933,0.6005650532112241,-0.01816912301826551,0.060686441260878146,0.15675426038239332,-0.007242216488166713,-1.6325116659989423
714,Virginia Union University,Yes,3494,30,Low,0.12733992409959405,-0.33923404372499044,-0.9410669533097699,-0.7106961436996138,-0.22919460395165178,0.797447832402685,-0.9851988400469104,-0.043655143285562414,-1.3233835886260938,-0.6114183461850387,0.848627709142034,0.6125530498969481
715,Virginia Wesleyan College,Yes,5100,68,Medium,-0.0865084134595878,-0.26378841421379556,0.1353539347196105,0.23920946386148842,-0.22919460395165178,-1.5715860927236942,-0.06009188335680806,0.4531942340637841,-0.488944521318963,-0.20219548150333808,-0.9161520758112968,0.6125530498969481
716,Viterbo College,Yes,3365,73,Low,-0.8852440552385359,-0.4994689411839058,0.08748542507226645,-0.20607016376448917,-0.22919460395165178,1.3151251116465745,-1.094880026424442,-0.8457496768946343,0.7487430981377603,-0.1181412884211747,0.3652187791564728,0.6125530498969481
717,Voorhees College,Yes,2522,58,Low,-0.08972687212285864,-1.204141438433242,-1.5531623993304813,-1.7704943265348911,-0.22919460395165178,-0.00765221982654528,-1.973085139428777,2.066524514436343,-2.6480466865381658,-1.0481552950830328,-0.4097585460204871,0.6125530498969481
718,Wabash College,Yes,4195,72,Medium,-0.6740574920542746,0.9029060992795954,-2.170690908036451,0.6964519249248112,-0.22919460395165178,-1.290257881606631,0.257675656251106,-1.073921779837255,1.662881415422127,1.2881176774761123,0.21646459323433037,0.6125530498969481
719,Wagner College,Yes,5800,75,High,-0.12190581744916433,-1.204141438433242,-0.6332185184089391,0.8175967857331767,0.3543858842006885,0.7203062079932,-0.2823735232374524,-0.17218743851993387,0.2788113855351543,0.17424382051507026,-0.20488372124707263,0.6125530498969481
720,Wake Forest University,Yes,4360,89,High,1.1265162870857703,2.0648660712522746,-0.4103082976918087,0.889685031458371,-0.22919460395165178,0.07669669114387123,1.3645882269351624,-2.947272529853423,1.0294623131395182,2.8060941171925404,-2.2065793054674847,0.6125530498969481
721,Walsh University,Yes,4180,68,Low,-0.3703207187093269,0.198039873680471,0.2492770523065025,-0.33439810784964846,-0.22919460395165178,0.3855304303319012,-1.4375163915219222,-0.678954128340758,0.8477740600370556,-1.116203712094341,0.4631723375884443,0.6125530498969481
722,Warren Wilson College,Yes,3052,63,Low,-1.27730030391735,0.0762022459001068,-2.0284891165270906,0.01794536678432941,-1.0385747644227592,-0.1865912067306211,-0.49125343790260845,-0.6514933665420357,0.060686441260878146,0.2890605336740558,-0.2728367873775092,0.6125530498969481
723,Wartburg College,Yes,3610,67,Medium,-0.2551827892680836,0.5776799288914051,-0.6943092873174947,0.4031364435832727,-1.0385747644227592,-0.7100928488101279,0.7816568116943878,-0.3818525909118409,1.0294623131395182,-0.22650931344783204,0.8539171859295822,0.6125530498969481
724,Washington and Jefferson College,Yes,4005,86,High,-0.19944845593648924,0.9459121453121654,-0.4865896262837877,1.3562120356262086,-2.048308048513365,-1.7565250579131289,0.7816568116943878,-0.46182603876526157,1.1535860970634626,0.46963651802862144,0.6529125516675338,0.6125530498969481
725,Washington and Lee University,Yes,4619,90,High,0.6592714150985831,1.8639323064397797,-2.3777403148239413,0.8692117031856891,0.924904566424084,-0.15881325414348932,1.2632379969775114,-1.1613227117968303,1.341553066130896,1.3910484985716332,-2.83185832599375,0.6125530498969481
726,Washington College,Yes,5318,65,High,-0.27244787384539554,0.4228593760746721,-1.139353269435478,1.1716154681950688,-0.22919460395165178,-2.725770466958715,0.3410143789166373,-0.7065095991630397,1.0294623131395182,0.6177465429588629,0.21922855267541644,0.6125530498969481
727,Washington State University,No,4210,56,Low,1.249455188298751,0.4228593760746721,0.9337385409812283,-0.4673816430927018,1.5536080298286021,1.7320652494824353,0.42593464953116233,0.7394742565334039,0.696881263144984,0.6349582592619286,0.9923577618109509,-1.6325116659989423
728,Washington University,Yes,5775,90,High,1.3819661029539974,1.679056928777311,0.8952002662772109,1.7252307691704045,1.3944488437572213,0.473269338628996,1.467641878959388,-3.1105425465945378,0.7487430981377603,2.902745865950955,-0.40702200383266596,0.6125530498969481
729,Wayne State College,No,2660,52,Low,-0.15114439556330794,-1.7978331880954055,0.21832501485130906,-2.6503845997201467,0.05539420530459683,0.6699416162275265,-0.9283307329438812,1.5104862816404498,0.643318740239679,-1.913916834726287,1.7214721572963374,-1.6325116659989423
730,Waynesburg College,Yes,3620,63,Low,-0.28763206807090946,-0.9727316677869279,-0.9912281496306623,-0.28746582809359006,-0.22919460395165178,-0.00765221982654528,-1.4375163915219222,0.573477137701554,0.47121122188858366,-0.6981290896887754,0.5096348935403838,0.6125530498969481
731,Webber College,Yes,2900,90,Low,-1.7511134598254088,-1.9916231295773121,-0.6681269626758215,-1.3158953635086676,0.7526774067369609,1.0144459357051407,-1.199238322126377,0.30686892312721886,-2.2835393318336408,-1.6922823045414832,-1.6067931579013224,0.6125530498969481
732,Webster University,Yes,4340,48,Low,-0.8577588426987677,-0.4994689411839058,1.0374853744153676,-0.20070658045054032,-0.22919460395165178,-1.7565250579131289,-0.9283307329438812,1.5760036933158954,-0.488944521318963,-0.5284644765237406,-0.3550176129230242,0.6125530498969481
733,Wellesley College,Yes,5995,91,High,0.5380730738684766,2.1999983407607893,-0.46759806766056095,1.7243817950358507,-0.22919460395165178,-1.0977621252034493,1.467641878959388,-0.8738990280930911,1.5418252579254095,1.920422270975178,-2.1460843356963566,0.6125530498969481
734,Wells College,Yes,5550,69,High,-1.6161258492289077,0.8591123720558881,-1.5775499650882296,1.0990167288974393,0.4496014388117548,-1.7565250579131289,1.467641878959388,-1.5530655010797425,1.231387019584252,1.1564636511324815,0.052984931388132164,0.6125530498969481
735,Wentworth Institute of Technology,Yes,6050,64,Low,-0.08010658099120162,-1.7978331880954055,0.3419456575150524,-0.020189678352637023,1.7915241613760515,-0.5504732541766872,-0.9283307329438812,0.38030884250552316,-1.3233835886260938,1.6193141062596268,0.6965319014226847,0.6125530498969481
736,Wesley College,Yes,4674,84,Low,-0.47517552477685715,-1.204141438433242,0.18166184939151533,-0.009983238659061103,-0.22919460395165178,0.23641393781517522,-1.481398373568703,0.1332649014169348,-0.3835201634208818,-0.8501481690885048,0.5206590195920723,0.6125530498969481
737,Wesleyan University,Yes,5600,92,High,0.9793288829315396,1.6144757210802636,-1.407972650027876,1.8558520901092597,3.8219628040698495,0.312205196159577,1.0656043502924986,-0.46182603876526157,1.113250452842285,1.4518937216807872,-2.268389769678396,0.6125530498969481
738,West Chester University of Penn.,No,4108,52,Low,1.2445167132107027,-1.0845174670653988,1.1897353146770406,-0.5714816336528201,-1.0385747644227592,1.0664517666812061,-0.2097844047463471,0.35589122750062596,-0.28448920152158647,-0.6044383805472806,-1.378373635352063,-1.6325116659989423
739,West Liberty State College,No,2890,60,Low,-0.3088373105362794,-0.9727316677869279,-0.24446043019929062,-1.761894699943383,0.4496014388117548,0.009474619732121702,-2.1983538567064675,0.5973594417391942,-0.9955858819980911,-2.1690941496853666,1.1253948414583939,-1.6325116659989423
740,West Virginia Wesleyan College,Yes,3775,67,High,-0.02689461060131957,0.25645415555414425,-0.41720017238409535,0.9605862127662578,-0.6142542984789046,-0.1865912067306211,-0.06009188335680806,0.6211848111741397,1.231387019584252,-0.10816158883640595,1.0004116104086083,0.6125530498969481
741,Western Carolina University,No,2380,55,Low,0.634466879081365,-1.0845174670653988,0.4831488152890439,-1.0322723493359283,-5.2909795308365135,0.6210434284801131,-0.2823735232374524,0.18319470580243497,-1.1512760702749985,-0.7022476044659187,0.23399780159725136,-1.6325116659989423
742,Western Maryland College,Yes,5340,60,High,-0.2756231718371477,0.4228593760746721,-0.732918811609382,1.0224317911050391,-0.22919460395165178,0.312205196159577,0.7816568116943878,-0.35536252385287187,1.113250452842285,0.43763052628162324,0.473914488795679,0.6125530498969481
743,Western Michigan University,No,4100,55,Low,1.5320744308236713,0.012544204192919675,1.8198841403271335,-0.8505821161095761,-0.22919460395165178,0.7203062079932,0.17590711389826055,2.4371454734763294,-0.8534518760234878,-0.9828016635339322,0.2551982299573491,-1.6325116659989423
744,Western New England College,Yes,5500,59,Low,0.022136219463827225,-1.6267810138219474,0.8006708178948182,-0.24545987162525804,-0.24393845730708974,1.135064032160903,1.3645882269351624,0.38030884250552316,-0.3835201634208818,-0.002343635009264383,0.9835263152361439,0.6125530498969481
745,Western State College of Colorado,No,3755,52,Low,0.47588899953200575,-1.6267810138219474,-0.5061565996033313,-1.1965774389721358,-0.22919460395165178,1.119409773713282,-0.2097844047463471,1.311635426781892,-2.2835393318336408,-1.8748309823519802,-0.9949139666008482,-1.6325116659989423
746,Western Washington University,No,4144,61,Low,1.1092393633368047,0.36877700770497224,0.2610383182234948,-0.4893521933067251,0.6877886927823775,1.4461546490640451,0.6005650532112241,2.024656253642371,-0.9955858819980911,-0.42589407067704715,-0.7122974423053594,-1.6325116659989423
747,Westfield State College,No,3788,65,Low,0.5994305881144077,-2.4887995845903816,0.6807126063647673,-1.3337391935206093,-0.22919460395165178,0.15797762173098784,-0.2097844047463471,0.4531942340637841,0.060686441260878146,-2.1933466520531706,-0.3631018333855022,-1.6325116659989423
748,Westminster College MO,Yes,4050,62,Medium,-0.8622838786335913,-0.26378841421379556,-1.2508324265266673,0.19594444577201092,0.4496014388117548,0.6571749645449193,-0.8104772611976783,-0.35536252385287187,0.060686441260878146,-0.1603488697751796,0.6014569697444312,0.6125530498969481
749,Westminster College,Yes,3615,80,Medium,-0.45943091197391117,0.31333619614396924,-0.9022691057091232,0.5084675326989629,-0.7787983207406189,-1.1406685836457864,-0.2823735232374524,-0.35536252385287187,1.1929497028195202,0.05500012489730449,0.8336225290520114,0.6125530498969481
750,Westminster College of Salt Lake City,Yes,4050,50,Low,-0.5399686014731672,-0.19109950858549554,0.5178627610297712,-0.29295632564619006,0.4496014388117548,1.0930821131393214,0.09569733284866458,-0.9021518863751771,0.8951255085680089,-0.4390088877802955,0.2601287191864829,0.6125530498969481
751,Westmont College,No,5304,87,High,-0.5054541115991715,0.9459121453121654,-1.9191497251245841,0.9846306621540172,-0.3034345775074198,0.32706212461955403,-0.3534735225728778,0.25759334859915667,-0.1911203270674524,0.12612656938272132,0.024478793358445206,-1.6325116659989423
752,Wheaton College IL,Yes,4200,85,Medium,-0.1112687584441878,1.4803479884652577,-1.0365500942946193,0.37550535122871187,-0.013985659609939818,0.312205196159577,0.09569733284866458,-0.3026284436876267,1.1535860970634626,0.8306806420581424,-0.7106329867864442,0.6125530498969481
753,Westminster College PA,Yes,5970,71,High,0.07070951135356379,-0.19109950858549554,-1.3559697713457743,1.7438698760769913,1.0360807080301793,-0.7100928488101279,1.2632379969775114,-0.17218743851993387,1.1929497028195202,2.0117510161231134,0.2929121243143851,0.6125530498969481
754,Wheeling Jesuit College,Yes,4545,72,Medium,-0.555015723946555,-0.6744109272506594,-0.06284045653180374,0.14241187243179232,0.4496014388117548,-1.401605755600841,-0.7494672137091747,0.05786129345554121,0.5306181538634841,-0.314125632419038,0.6065889645180796,0.6125530498969481
755,Whitman College,Yes,4900,72,High,0.134352669574708,1.0705183742130722,-1.139353269435478,1.4309613159297299,1.3023649764046783,-0.8317407990918481,0.09569733284866458,-0.9021518863751771,1.5418252579254095,1.04648413118527,-1.4329500816081144,0.6125530498969481
756,Whittier College,Yes,5699,52,High,0.03955777185066977,0.6270233788095003,-1.3559697713457743,1.3541895998475408,-0.22919460395165178,1.0643080452469715,0.8746535950171559,-0.06921364143108526,0.643318740239679,0.8053115233502571,-0.7550322887549397,0.6125530498969481
757,Whitworth College,Yes,4500,80,Medium,-0.3450479451380314,0.988162936623047,-0.45279577970094925,0.6394261943177685,0.9136308365508781,1.4813871222605615,-0.13569442115241218,0.7394742565334039,0.060686441260878146,-0.027796847380069965,0.5382006634542115,0.6125530498969481
758,Widener University,Yes,5370,63,Medium,0.2629600429408463,0.012544204192919675,1.2884950889424898,0.571712651254259,-0.22919460395165178,0.23641393781517522,0.3410143789166373,-0.32895477682173185,-0.019012808716357025,0.3336478858395871,-0.33607074426148165,0.6125530498969481
759,Wilkes University,Yes,5130,67,Medium,0.011284049748542191,-0.6744109272506594,0.3770778172558812,0.2985279763316287,0.12366360001576766,0.09319079537847096,0.8746535950171559,-0.14633148248231934,0.34549454598816776,0.03894435293747066,0.8873465809803923,0.6125530498969481
760,Willamette University,Yes,4620,68,High,0.026665510636092484,1.2273850455284772,-0.4564648167414973,1.0795063249243444,-1.0385747644227592,-0.8569127059325928,1.0656043502924986,-0.14633148248231934,1.0294623131395182,0.6069399664301279,0.36347496864886336,0.6125530498969481
761,William Jewell College,Yes,2970,59,Medium,-0.860773093312069,0.47565884296982563,-0.8801407632332471,0.03309415651257113,-0.22919460395165178,1.6341274957325422,-0.13569442115241218,-0.7065095991630397,-0.019012808716357025,-0.17407282626412057,0.5313271909564313,0.6125530498969481
762,William Woods University,Yes,4365,52,Medium,-1.2116366681447965,-0.4994689411839058,-0.61883109051505,0.15097738811113018,0.12366360001576766,2.4151341946483282,-1.0407110988557453,-0.2502164792374268,-0.28448920152158647,-0.3351092920324471,1.2283420964325373,0.6125530498969481
763,Williams College,Yes,5790,99,High,0.865199010283177,2.2262660691867504,-1.37276170165464,1.937590326223587,-0.22919460395165178,-0.00765221982654528,1.572409762644023,-1.3393806834015396,1.9063326126299334,1.9641204770236758,-3.0576838088176275,0.6125530498969481
764,Wilson College,Yes,5084,67,Medium,-2.312310926899182,-0.5849046607537622,0.45377706875136115,0.3634729416327557,-0.6142542984789046,-1.8555147904115388,-0.42309620655881086,-1.5530655010797425,1.2689406411191924,0.4993904976492847,0.2143770628670464,0.6125530498969481
765,Wingate College,Yes,3400,91,Low,-0.248986505309471,-1.204141438433242,-0.4638657067274971,-0.5786103630272447,0.12366360001576766,0.5254123188243793,-0.06009188335680806,0.0072451478867492135,-1.3233835886260938,-0.4018938516147894,0.5026591753607847,0.6125530498969481
766,Winona State University,No,2700,58,Low,0.6619525445131594,-0.26378841421379556,0.6278025423878267,-1.880198834094681,-2.048308048513365,-0.00765221982654528,-1.3460179845367914,1.4885635747884418,-0.10280094841912382,-1.366616074390194,-0.8930637307237067,-1.6325116659989423
767,Winthrop University,No,3392,59,Low,0.3373947588535731,0.012544204192919675,0.44776209048702365,-1.0288789635676354,0.3221744263814951,1.221831296486604,-0.13569442115241218,-0.27638263533977814,0.47121122188858366,-0.6236948310045171,0.211480153610513,-1.6325116659989423
768,Wisconsin Lutheran College,Yes,3700,50,Low,-2.4168012216092642,-0.4994689411839058,-1.5075173179698151,-0.2168205059111905,-0.22919460395165178,0.312205196159577,-1.8227310098814986,-1.4913204270143052,0.47121122188858366,0.16128556010859046,0.6474257244242533,0.6125530498969481
769,Wittenberg University,Yes,4404,78,High,0.19130281898053036,0.9459121453121654,-0.514152903346714,1.2984957990956048,-1.0385747644227592,-0.8317407990918481,1.1635803366973685,-0.27638263533977814,0.643318740239679,0.5272296904964808,0.8965350284607806,0.6125530498969481
770,Wofford College,Yes,4150,75,Medium,-0.06681246631738154,1.3022664532279355,-1.2934851488090782,0.6437572307305872,0.48087930345893354,0.3710546891202808,0.8746535950171559,0.35589122750062596,1.231387019584252,-0.1775206049631058,-0.8435501254277106,0.6125530498969481
771,Worcester Polytechnic Institute,Yes,5370,82,High,0.49767568031845505,1.2273850455284772,-0.8052989747267914,1.2865650797263202,-0.013985659609939818,-1.0144444682730733,1.0656043502924986,0.33141144399481565,0.8951255085680089,0.6058762532703387,0.6057779701630772,0.6125530498969481
772,Worcester State College,No,3900,40,Low,0.28752525648337784,-2.216819485276005,1.2374280642897253,-0.8968839680785268,-0.22919460395165178,-0.00765221982654528,-1.3460179845367914,1.6627857007207911,-0.488944521318963,-1.979972390693537,-0.39011844764319553,-1.6325116659989423
773,Xavier University,Yes,4960,83,Medium,0.18191090548428065,0.012544204192919675,0.7949301623211535,0.3847367086026461,0.4496014388117548,0.07669669114387123,-0.49125343790260845,-0.14633148248231934,0.7487430981377603,0.22480100330429026,1.1867333683591725,0.6125530498969481
774,Xavier University of Louisiana,Yes,4200,49,Low,0.244721104755173,0.5776799288914051,-0.43120597387557275,-0.8634700462138203,0.55503713315153,-0.8798209511911033,-0.49125343790260845,0.1332649014169348,0.060686441260878146,-0.02938054278213432,1.1310966105038294,0.6125530498969481
775,Yale University,Yes,6510,99,High,1.6595786935250618,2.5709000589305027,-0.824813232438937,1.9717424155825212,0.6339700077405098,1.1864951440318425,1.2632379969775114,-2.3816814923102925,1.4777578075468099,2.7688087578850302,-3.5221084784548156,0.6125530498969481
776,York College of Pennsylvania,Yes,3560,99,Low,0.5667677725691348,0.25645415555414425,1.1167034464456531,-1.5466554499900285,-0.22919460395165178,0.07669669114387123,-0.49125343790260845,1.0179463816947254,0.5879401964775927,-1.9471236258535962,-0.8592576790660932,0.6125530498969481
